Country,State,State LGD code,Year,Normal tax payers_avg,Normal tax payers_max,Normal tax payers_min,Normal tax payers_sum,Normal tax payers_count,Normal tax payers_stddev,Normal tax payers_LandAreaWeight,Normal tax payers_TotalPopulationWeight,Normal tax payers_NumberOfHouseholdsWeight,Normal tax payers_TotalPopulationMaleWeight,Normal tax payers_TotalPopulationFemaleWeight,Composition tax payers_avg,Composition tax payers_max,Composition tax payers_min,Composition tax payers_sum,Composition tax payers_count,Composition tax payers_stddev,Composition tax payers_LandAreaWeight,Composition tax payers_TotalPopulationWeight,Composition tax payers_NumberOfHouseholdsWeight,Composition tax payers_TotalPopulationMaleWeight,Composition tax payers_TotalPopulationFemaleWeight,Input service distributor_avg,Input service distributor_max,Input service distributor_min,Input service distributor_sum,Input service distributor_count,Input service distributor_stddev,Input service distributor_LandAreaWeight,Input service distributor_TotalPopulationWeight,Input service distributor_NumberOfHouseholdsWeight,Input service distributor_TotalPopulationMaleWeight,Input service distributor_TotalPopulationFemaleWeight,Casual tax payers_avg,Casual tax payers_max,Casual tax payers_min,Casual tax payers_sum,Casual tax payers_count,Casual tax payers_stddev,Casual tax payers_LandAreaWeight,Casual tax payers_TotalPopulationWeight,Casual tax payers_NumberOfHouseholdsWeight,Casual tax payers_TotalPopulationMaleWeight,Casual tax payers_TotalPopulationFemaleWeight,Tax collected at source_avg,Tax collected at source_max,Tax collected at source_min,Tax collected at source_sum,Tax collected at source_count,Tax collected at source_stddev,Tax collected at source_LandAreaWeight,Tax collected at source_TotalPopulationWeight,Tax collected at source_NumberOfHouseholdsWeight,Tax collected at source_TotalPopulationMaleWeight,Tax collected at source_TotalPopulationFemaleWeight,Tax deducted at source_avg,Tax deducted at source_max,Tax deducted at source_min,Tax deducted at source_sum,Tax deducted at source_count,Tax deducted at source_stddev,Tax deducted at source_LandAreaWeight,Tax deducted at source_TotalPopulationWeight,Tax deducted at source_NumberOfHouseholdsWeight,Tax deducted at source_TotalPopulationMaleWeight,Tax deducted at source_TotalPopulationFemaleWeight,Non resident taxpayers_avg,Non resident taxpayers_max,Non resident taxpayers_min,Non resident taxpayers_sum,Non resident taxpayers_count,Non resident taxpayers_stddev,Non resident taxpayers_LandAreaWeight,Non resident taxpayers_TotalPopulationWeight,Non resident taxpayers_NumberOfHouseholdsWeight,Non resident taxpayers_TotalPopulationMaleWeight,Non resident taxpayers_TotalPopulationFemaleWeight,Online information and database access or retrieval services from a place outside india to a non-taxable online recipient_avg,Online information and database access or retrieval services from a place outside india to a non-taxable online recipient_max,Online information and database access or retrieval services from a place outside india to a non-taxable online recipient_min,Online information and database access or retrieval services from a place outside india to a non-taxable online recipient_sum,Online information and database access or retrieval services from a place outside india to a non-taxable online recipient_count,Online information and database access or retrieval services from a place outside india to a non-taxable online recipient_stddev,Online information and database access or retrieval services from a place outside india to a non-taxable online recipient_LandAreaWeight,Online information and database access or retrieval services from a place outside india to a non-taxable online recipient_TotalPopulationWeight,Online information and database access or retrieval services from a place outside india to a non-taxable online recipient_NumberOfHouseholdsWeight,Online information and database access or retrieval services from a place outside india to a non-taxable online recipient_TotalPopulationMaleWeight,Online information and database access or retrieval services from a place outside india to a non-taxable online recipient_TotalPopulationFemaleWeight,Unique identification number (uin) holders_avg,Unique identification number (uin) holders_max,Unique identification number (uin) holders_min,Unique identification number (uin) holders_sum,Unique identification number (uin) holders_count,Unique identification number (uin) holders_stddev,Unique identification number (uin) holders_LandAreaWeight,Unique identification number (uin) holders_TotalPopulationWeight,Unique identification number (uin) holders_NumberOfHouseholdsWeight,Unique identification number (uin) holders_TotalPopulationMaleWeight,Unique identification number (uin) holders_TotalPopulationFemaleWeight
India,Jammu And Kashmir,1,"Financial Year (Apr - Mar), 2022",110462.0,110462.0,110462.0,110462.0,1,,110462.0,110462.0,110462.0,110462.0,110462.0,8499.0,8499.0,8499.0,8499.0,1,,8499.0,8499.0,8499.0,8499.0,8499.0,10.0,10.0,10.0,10.0,1,,10.0,10.0,10.0,10.0,10.0,5.0,5.0,5.0,5.0,1,,5.0,5.0,5.0,5.0,5.0,151.0,151.0,151.0,151.0,1,,151.0,151.0,151.0,151.0,151.0,2593.0,2593.0,2593.0,2593.0,1,,2593.0,2593.0,2593.0,2593.0,2593.0,0.0,0.0,0.0,0.0,1,,0.0,0.0,0.0,0.0,0.0,0.0,0.0,0.0,0.0,1,,0.0,0.0,0.0,0.0,0.0,10.0,10.0,10.0,10.0,1,,10.0,10.0,10.0,10.0,10.0
India,Himachal Pradesh,2,"Financial Year (Apr - Mar), 2022",99587.0,99587.0,99587.0,99587.0,1,,99587.0,99587.0,99587.0,99587.0,99587.0,17679.0,17679.0,17679.0,17679.0,1,,17679.0,17679.0,17679.0,17679.0,17679.0,33.0,33.0,33.0,33.0,1,,33.0,33.0,33.0,33.0,33.0,9.0,9.0,9.0,9.0,1,,9.0,9.0,9.0,9.0,9.0,207.0,207.0,207.0,207.0,1,,207.0,207.0,207.0,207.0,207.0,1614.0,1614.0,1614.0,1614.0,1,,1614.0,1614.0,1614.0,1614.0,1614.0,0.0,0.0,0.0,0.0,1,,0.0,0.0,0.0,0.0,0.0,0.0,0.0,0.0,0.0,1,,0.0,0.0,0.0,0.0,0.0,25.0,25.0,25.0,25.0,1,,25.0,25.0,25.0,25.0,25.0
India,Punjab,3,"Financial Year (Apr - Mar), 2022",344609.0,344609.0,344609.0,344609.0,1,,344609.0,344609.0,344609.0,344609.0,344609.0,36606.0,36606.0,36606.0,36606.0,1,,36606.0,36606.0,36606.0,36606.0,36606.0,83.0,83.0,83.0,83.0,1,,83.0,83.0,83.0,83.0,83.0,27.0,27.0,27.0,27.0,1,,27.0,27.0,27.0,27.0,27.0,446.0,446.0,446.0,446.0,1,,446.0,446.0,446.0,446.0,446.0,3369.0,3369.0,3369.0,3369.0,1,,3369.0,3369.0,3369.0,3369.0,3369.0,1.0,1.0,1.0,1.0,1,,1.0,1.0,1.0,1.0,1.0,0.0,0.0,0.0,0.0,1,,0.0,0.0,0.0,0.0,0.0,15.0,15.0,15.0,15.0,1,,15.0,15.0,15.0,15.0,15.0
India,Chandigarh,4,"Financial Year (Apr - Mar), 2022",27759.0,27759.0,27759.0,27759.0,1,,27759.0,27759.0,27759.0,27759.0,27759.0,1609.0,1609.0,1609.0,1609.0,1,,1609.0,1609.0,1609.0,1609.0,1609.0,84.0,84.0,84.0,84.0,1,,84.0,84.0,84.0,84.0,84.0,9.0,9.0,9.0,9.0,1,,9.0,9.0,9.0,9.0,9.0,214.0,214.0,214.0,214.0,1,,214.0,214.0,214.0,214.0,214.0,760.0,760.0,760.0,760.0,1,,760.0,760.0,760.0,760.0,760.0,0.0,0.0,0.0,0.0,1,,0.0,0.0,0.0,0.0,0.0,0.0,0.0,0.0,0.0,1,,0.0,0.0,0.0,0.0,0.0,3.0,3.0,3.0,3.0,1,,3.0,3.0,3.0,3.0,3.0
India,Uttarakhand,5,"Financial Year (Apr - Mar), 2022",157239.0,157239.0,157239.0,157239.0,1,,157239.0,157239.0,157239.0,157239.0,157239.0,34265.0,34265.0,34265.0,34265.0,1,,34265.0,34265.0,34265.0,34265.0,34265.0,47.0,47.0,47.0,47.0,1,,47.0,47.0,47.0,47.0,47.0,6.0,6.0,6.0,6.0,1,,6.0,6.0,6.0,6.0,6.0,352.0,352.0,352.0,352.0,1,,352.0,352.0,352.0,352.0,352.0,3480.0,3480.0,3480.0,3480.0,1,,3480.0,3480.0,3480.0,3480.0,3480.0,0.0,0.0,0.0,0.0,1,,0.0,0.0,0.0,0.0,0.0,0.0,0.0,0.0,0.0,1,,0.0,0.0,0.0,0.0,0.0,11.0,11.0,11.0,11.0,1,,11.0,11.0,11.0,11.0,11.0
India,Haryana,6,"Financial Year (Apr - Mar), 2022",482254.0,482254.0,482254.0,482254.0,1,,482254.0,482254.0,482254.0,482254.0,482254.0,15470.0,15470.0,15470.0,15470.0,1,,15470.0,15470.0,15470.0,15470.0,15470.0,608.0,608.0,608.0,608.0,1,,608.0,608.0,608.0,608.0,608.0,20.0,20.0,20.0,20.0,1,,20.0,20.0,20.0,20.0,20.0,941.0,941.0,941.0,941.0,1,,941.0,941.0,941.0,941.0,941.0,2547.0,2547.0,2547.0,2547.0,1,,2547.0,2547.0,2547.0,2547.0,2547.0,4.0,4.0,4.0,4.0,1,,4.0,4.0,4.0,4.0,4.0,0.0,0.0,0.0,0.0,1,,0.0,0.0,0.0,0.0,0.0,31.0,31.0,31.0,31.0,1,,31.0,31.0,31.0,31.0,31.0
India,Delhi,7,"Financial Year (Apr - Mar), 2022",758918.0,758918.0,758918.0,758918.0,1,,758918.0,758918.0,758918.0,758918.0,758918.0,16325.0,16325.0,16325.0,16325.0,1,,16325.0,16325.0,16325.0,16325.0,16325.0,1045.0,1045.0,1045.0,1045.0,1,,1045.0,1045.0,1045.0,1045.0,1045.0,83.0,83.0,83.0,83.0,1,,83.0,83.0,83.0,83.0,83.0,1381.0,1381.0,1381.0,1381.0,1,,1381.0,1381.0,1381.0,1381.0,1381.0,2842.0,2842.0,2842.0,2842.0,1,,2842.0,2842.0,2842.0,2842.0,2842.0,4.0,4.0,4.0,4.0,1,,4.0,4.0,4.0,4.0,4.0,0.0,0.0,0.0,0.0,1,,0.0,0.0,0.0,0.0,0.0,316.0,316.0,316.0,316.0,1,,316.0,316.0,316.0,316.0,316.0
India,Rajasthan,8,"Financial Year (Apr - Mar), 2022",672438.0,672438.0,672438.0,672438.0,1,,672438.0,672438.0,672438.0,672438.0,672438.0,134913.0,134913.0,134913.0,134913.0,1,,134913.0,134913.0,134913.0,134913.0,134913.0,115.0,115.0,115.0,115.0,1,,115.0,115.0,115.0,115.0,115.0,8.0,8.0,8.0,8.0,1,,8.0,8.0,8.0,8.0,8.0,686.0,686.0,686.0,686.0,1,,686.0,686.0,686.0,686.0,686.0,19619.0,19619.0,19619.0,19619.0,1,,19619.0,19619.0,19619.0,19619.0,19619.0,1.0,1.0,1.0,1.0,1,,1.0,1.0,1.0,1.0,1.0,0.0,0.0,0.0,0.0,1,,0.0,0.0,0.0,0.0,0.0,86.0,86.0,86.0,86.0,1,,86.0,86.0,86.0,86.0,86.0
India,Uttar Pradesh,9,"Financial Year (Apr - Mar), 2022",1377315.0,1377315.0,1377315.0,1377315.0,1,,1377315.0,1377315.0,1377315.0,1377315.0,1377315.0,338879.0,338879.0,338879.0,338879.0,1,,338879.0,338879.0,338879.0,338879.0,338879.0,444.0,444.0,444.0,444.0,1,,444.0,444.0,444.0,444.0,444.0,26.0,26.0,26.0,26.0,1,,26.0,26.0,26.0,26.0,26.0,1300.0,1300.0,1300.0,1300.0,1,,1300.0,1300.0,1300.0,1300.0,1300.0,23645.0,23645.0,23645.0,23645.0,1,,23645.0,23645.0,23645.0,23645.0,23645.0,1.0,1.0,1.0,1.0,1,,1.0,1.0,1.0,1.0,1.0,0.0,0.0,0.0,0.0,1,,0.0,0.0,0.0,0.0,0.0,234.0,234.0,234.0,234.0,1,,234.0,234.0,234.0,234.0,234.0
India,Bihar,10,"Financial Year (Apr - Mar), 2022",484279.0,484279.0,484279.0,484279.0,1,,484279.0,484279.0,484279.0,484279.0,484279.0,108500.0,108500.0,108500.0,108500.0,1,,108500.0,108500.0,108500.0,108500.0,108500.0,107.0,107.0,107.0,107.0,1,,107.0,107.0,107.0,107.0,107.0,8.0,8.0,8.0,8.0,1,,8.0,8.0,8.0,8.0,8.0,374.0,374.0,374.0,374.0,1,,374.0,374.0,374.0,374.0,374.0,7066.0,7066.0,7066.0,7066.0,1,,7066.0,7066.0,7066.0,7066.0,7066.0,0.0,0.0,0.0,0.0,1,,0.0,0.0,0.0,0.0,0.0,0.0,0.0,0.0,0.0,1,,0.0,0.0,0.0,0.0,0.0,129.0,129.0,129.0,129.0,1,,129.0,129.0,129.0,129.0,129.0
India,Sikkim,11,"Financial Year (Apr - Mar), 2022",9384.0,9384.0,9384.0,9384.0,1,,9384.0,9384.0,9384.0,9384.0,9384.0,792.0,792.0,792.0,792.0,1,,792.0,792.0,792.0,792.0,792.0,2.0,2.0,2.0,2.0,1,,2.0,2.0,2.0,2.0,2.0,0.0,0.0,0.0,0.0,1,,0.0,0.0,0.0,0.0,0.0,91.0,91.0,91.0,91.0,1,,91.0,91.0,91.0,91.0,91.0,354.0,354.0,354.0,354.0,1,,354.0,354.0,354.0,354.0,354.0,0.0,0.0,0.0,0.0,1,,0.0,0.0,0.0,0.0,0.0,0.0,0.0,0.0,0.0,1,,0.0,0.0,0.0,0.0,0.0,4.0,4.0,4.0,4.0,1,,4.0,4.0,4.0,4.0,4.0
India,Arunachal Pradesh,12,"Financial Year (Apr - Mar), 2022",14641.0,14641.0,14641.0,14641.0,1,,14641.0,14641.0,14641.0,14641.0,14641.0,2258.0,2258.0,2258.0,2258.0,1,,2258.0,2258.0,2258.0,2258.0,2258.0,4.0,4.0,4.0,4.0,1,,4.0,4.0,4.0,4.0,4.0,1.0,1.0,1.0,1.0,1,,1.0,1.0,1.0,1.0,1.0,84.0,84.0,84.0,84.0,1,,84.0,84.0,84.0,84.0,84.0,1360.0,1360.0,1360.0,1360.0,1,,1360.0,1360.0,1360.0,1360.0,1360.0,0.0,0.0,0.0,0.0,1,,0.0,0.0,0.0,0.0,0.0,0.0,0.0,0.0,0.0,1,,0.0,0.0,0.0,0.0,0.0,5.0,5.0,5.0,5.0,1,,5.0,5.0,5.0,5.0,5.0
India,Nagaland,13,"Financial Year (Apr - Mar), 2022",7740.0,7740.0,7740.0,7740.0,1,,7740.0,7740.0,7740.0,7740.0,7740.0,2065.0,2065.0,2065.0,2065.0,1,,2065.0,2065.0,2065.0,2065.0,2065.0,4.0,4.0,4.0,4.0,1,,4.0,4.0,4.0,4.0,4.0,0.0,0.0,0.0,0.0,1,,0.0,0.0,0.0,0.0,0.0,92.0,92.0,92.0,92.0,1,,92.0,92.0,92.0,92.0,92.0,312.0,312.0,312.0,312.0,1,,312.0,312.0,312.0,312.0,312.0,0.0,0.0,0.0,0.0,1,,0.0,0.0,0.0,0.0,0.0,0.0,0.0,0.0,0.0,1,,0.0,0.0,0.0,0.0,0.0,7.0,7.0,7.0,7.0,1,,7.0,7.0,7.0,7.0,7.0
India,Manipur,14,"Financial Year (Apr - Mar), 2022",11629.0,11629.0,11629.0,11629.0,1,,11629.0,11629.0,11629.0,11629.0,11629.0,1502.0,1502.0,1502.0,1502.0,1,,1502.0,1502.0,1502.0,1502.0,1502.0,12.0,12.0,12.0,12.0,1,,12.0,12.0,12.0,12.0,12.0,0.0,0.0,0.0,0.0,1,,0.0,0.0,0.0,0.0,0.0,107.0,107.0,107.0,107.0,1,,107.0,107.0,107.0,107.0,107.0,575.0,575.0,575.0,575.0,1,,575.0,575.0,575.0,575.0,575.0,0.0,0.0,0.0,0.0,1,,0.0,0.0,0.0,0.0,0.0,0.0,0.0,0.0,0.0,1,,0.0,0.0,0.0,0.0,0.0,2.0,2.0,2.0,2.0,1,,2.0,2.0,2.0,2.0,2.0
India,Mizoram,15,"Financial Year (Apr - Mar), 2022",7562.0,7562.0,7562.0,7562.0,1,,7562.0,7562.0,7562.0,7562.0,7562.0,167.0,167.0,167.0,167.0,1,,167.0,167.0,167.0,167.0,167.0,4.0,4.0,4.0,4.0,1,,4.0,4.0,4.0,4.0,4.0,0.0,0.0,0.0,0.0,1,,0.0,0.0,0.0,0.0,0.0,73.0,73.0,73.0,73.0,1,,73.0,73.0,73.0,73.0,73.0,296.0,296.0,296.0,296.0,1,,296.0,296.0,296.0,296.0,296.0,0.0,0.0,0.0,0.0,1,,0.0,0.0,0.0,0.0,0.0,0.0,0.0,0.0,0.0,1,,0.0,0.0,0.0,0.0,0.0,2.0,2.0,2.0,2.0,1,,2.0,2.0,2.0,2.0,2.0
India,Tripura,16,"Financial Year (Apr - Mar), 2022",26898.0,26898.0,26898.0,26898.0,1,,26898.0,26898.0,26898.0,26898.0,26898.0,2916.0,2916.0,2916.0,2916.0,1,,2916.0,2916.0,2916.0,2916.0,2916.0,13.0,13.0,13.0,13.0,1,,13.0,13.0,13.0,13.0,13.0,0.0,0.0,0.0,0.0,1,,0.0,0.0,0.0,0.0,0.0,113.0,113.0,113.0,113.0,1,,113.0,113.0,113.0,113.0,113.0,1150.0,1150.0,1150.0,1150.0,1,,1150.0,1150.0,1150.0,1150.0,1150.0,0.0,0.0,0.0,0.0,1,,0.0,0.0,0.0,0.0,0.0,0.0,0.0,0.0,0.0,1,,0.0,0.0,0.0,0.0,0.0,5.0,5.0,5.0,5.0,1,,5.0,5.0,5.0,5.0,5.0
India,Meghalaya,17,"Financial Year (Apr - Mar), 2022",28175.0,28175.0,28175.0,28175.0,1,,28175.0,28175.0,28175.0,28175.0,28175.0,2246.0,2246.0,2246.0,2246.0,1,,2246.0,2246.0,2246.0,2246.0,2246.0,7.0,7.0,7.0,7.0,1,,7.0,7.0,7.0,7.0,7.0,4.0,4.0,4.0,4.0,1,,4.0,4.0,4.0,4.0,4.0,102.0,102.0,102.0,102.0,1,,102.0,102.0,102.0,102.0,102.0,539.0,539.0,539.0,539.0,1,,539.0,539.0,539.0,539.0,539.0,0.0,0.0,0.0,0.0,1,,0.0,0.0,0.0,0.0,0.0,0.0,0.0,0.0,0.0,1,,0.0,0.0,0.0,0.0,0.0,5.0,5.0,5.0,5.0,1,,5.0,5.0,5.0,5.0,5.0
India,Assam,18,"Financial Year (Apr - Mar), 2022",181474.0,181474.0,181474.0,181474.0,1,,181474.0,181474.0,181474.0,181474.0,181474.0,36586.0,36586.0,36586.0,36586.0,1,,36586.0,36586.0,36586.0,36586.0,36586.0,59.0,59.0,59.0,59.0,1,,59.0,59.0,59.0,59.0,59.0,24.0,24.0,24.0,24.0,1,,24.0,24.0,24.0,24.0,24.0,274.0,274.0,274.0,274.0,1,,274.0,274.0,274.0,274.0,274.0,3331.0,3331.0,3331.0,3331.0,1,,3331.0,3331.0,3331.0,3331.0,3331.0,0.0,0.0,0.0,0.0,1,,0.0,0.0,0.0,0.0,0.0,0.0,0.0,0.0,0.0,1,,0.0,0.0,0.0,0.0,0.0,33.0,33.0,33.0,33.0,1,,33.0,33.0,33.0,33.0,33.0
India,West Bengal,19,"Financial Year (Apr - Mar), 2022",637786.0,637786.0,637786.0,637786.0,1,,637786.0,637786.0,637786.0,637786.0,637786.0,58056.0,58056.0,58056.0,58056.0,1,,58056.0,58056.0,58056.0,58056.0,58056.0,499.0,499.0,499.0,499.0,1,,499.0,499.0,499.0,499.0,499.0,49.0,49.0,49.0,49.0,1,,49.0,49.0,49.0,49.0,49.0,746.0,746.0,746.0,746.0,1,,746.0,746.0,746.0,746.0,746.0,11486.0,11486.0,11486.0,11486.0,1,,11486.0,11486.0,11486.0,11486.0,11486.0,1.0,1.0,1.0,1.0,1,,1.0,1.0,1.0,1.0,1.0,0.0,0.0,0.0,0.0,1,,0.0,0.0,0.0,0.0,0.0,188.0,188.0,188.0,188.0,1,,188.0,188.0,188.0,188.0,188.0
India,Jharkhand,20,"Financial Year (Apr - Mar), 2022",170659.0,170659.0,170659.0,170659.0,1,,170659.0,170659.0,170659.0,170659.0,170659.0,17589.0,17589.0,17589.0,17589.0,1,,17589.0,17589.0,17589.0,17589.0,17589.0,36.0,36.0,36.0,36.0,1,,36.0,36.0,36.0,36.0,36.0,4.0,4.0,4.0,4.0,1,,4.0,4.0,4.0,4.0,4.0,287.0,287.0,287.0,287.0,1,,287.0,287.0,287.0,287.0,287.0,3523.0,3523.0,3523.0,3523.0,1,,3523.0,3523.0,3523.0,3523.0,3523.0,0.0,0.0,0.0,0.0,1,,0.0,0.0,0.0,0.0,0.0,0.0,0.0,0.0,0.0,1,,0.0,0.0,0.0,0.0,0.0,40.0,40.0,40.0,40.0,1,,40.0,40.0,40.0,40.0,40.0
India,Odisha,21,"Financial Year (Apr - Mar), 2022",278441.0,278441.0,278441.0,278441.0,1,,278441.0,278441.0,278441.0,278441.0,278441.0,28036.0,28036.0,28036.0,28036.0,1,,28036.0,28036.0,28036.0,28036.0,28036.0,59.0,59.0,59.0,59.0,1,,59.0,59.0,59.0,59.0,59.0,22.0,22.0,22.0,22.0,1,,22.0,22.0,22.0,22.0,22.0,293.0,293.0,293.0,293.0,1,,293.0,293.0,293.0,293.0,293.0,4000.0,4000.0,4000.0,4000.0,1,,4000.0,4000.0,4000.0,4000.0,4000.0,0.0,0.0,0.0,0.0,1,,0.0,0.0,0.0,0.0,0.0,0.0,0.0,0.0,0.0,1,,0.0,0.0,0.0,0.0,0.0,44.0,44.0,44.0,44.0,1,,44.0,44.0,44.0,44.0,44.0
India,Chhattisgarh,22,"Financial Year (Apr - Mar), 2022",133819.0,133819.0,133819.0,133819.0,1,,133819.0,133819.0,133819.0,133819.0,133819.0,34105.0,34105.0,34105.0,34105.0,1,,34105.0,34105.0,34105.0,34105.0,34105.0,26.0,26.0,26.0,26.0,1,,26.0,26.0,26.0,26.0,26.0,66.0,66.0,66.0,66.0,1,,66.0,66.0,66.0,66.0,66.0,258.0,258.0,258.0,258.0,1,,258.0,258.0,258.0,258.0,258.0,3373.0,3373.0,3373.0,3373.0,1,,3373.0,3373.0,3373.0,3373.0,3373.0,0.0,0.0,0.0,0.0,1,,0.0,0.0,0.0,0.0,0.0,0.0,0.0,0.0,0.0,1,,0.0,0.0,0.0,0.0,0.0,23.0,23.0,23.0,23.0,1,,23.0,23.0,23.0,23.0,23.0
India,Madhya Pradesh,23,"Financial Year (Apr - Mar), 2022",421752.0,421752.0,421752.0,421752.0,1,,421752.0,421752.0,421752.0,421752.0,421752.0,52846.0,52846.0,52846.0,52846.0,1,,52846.0,52846.0,52846.0,52846.0,52846.0,123.0,123.0,123.0,123.0,1,,123.0,123.0,123.0,123.0,123.0,22.0,22.0,22.0,22.0,1,,22.0,22.0,22.0,22.0,22.0,557.0,557.0,557.0,557.0,1,,557.0,557.0,557.0,557.0,557.0,15680.0,15680.0,15680.0,15680.0,1,,15680.0,15680.0,15680.0,15680.0,15680.0,0.0,0.0,0.0,0.0,1,,0.0,0.0,0.0,0.0,0.0,0.0,0.0,0.0,0.0,1,,0.0,0.0,0.0,0.0,0.0,97.0,97.0,97.0,97.0,1,,97.0,97.0,97.0,97.0,97.0
India,Gujarat,24,"Financial Year (Apr - Mar), 2022",1012153.0,1012153.0,1012153.0,1012153.0,1,,1012153.0,1012153.0,1012153.0,1012153.0,1012153.0,96371.0,96371.0,96371.0,96371.0,1,,96371.0,96371.0,96371.0,96371.0,96371.0,287.0,287.0,287.0,287.0,1,,287.0,287.0,287.0,287.0,287.0,45.0,45.0,45.0,45.0,1,,45.0,45.0,45.0,45.0,45.0,869.0,869.0,869.0,869.0,1,,869.0,869.0,869.0,869.0,869.0,19118.0,19118.0,19118.0,19118.0,1,,19118.0,19118.0,19118.0,19118.0,19118.0,1.0,1.0,1.0,1.0,1,,1.0,1.0,1.0,1.0,1.0,0.0,0.0,0.0,0.0,1,,0.0,0.0,0.0,0.0,0.0,67.0,67.0,67.0,67.0,1,,67.0,67.0,67.0,67.0,67.0
India,Maharashtra,27,"Financial Year (Apr - Mar), 2022",1499972.0,1499972.0,1499972.0,1499972.0,1,,1499972.0,1499972.0,1499972.0,1499972.0,1499972.0,122786.0,122786.0,122786.0,122786.0,1,,122786.0,122786.0,122786.0,122786.0,122786.0,1807.0,1807.0,1807.0,1807.0,1,,1807.0,1807.0,1807.0,1807.0,1807.0,50.0,50.0,50.0,50.0,1,,50.0,50.0,50.0,50.0,50.0,1414.0,1414.0,1414.0,1414.0,1,,1414.0,1414.0,1414.0,1414.0,1414.0,43751.0,43751.0,43751.0,43751.0,1,,43751.0,43751.0,43751.0,43751.0,43751.0,9.0,9.0,9.0,9.0,1,,9.0,9.0,9.0,9.0,9.0,0.0,0.0,0.0,0.0,1,,0.0,0.0,0.0,0.0,0.0,286.0,286.0,286.0,286.0,1,,286.0,286.0,286.0,286.0,286.0
India,Andhra Pradesh,28,"Financial Year (Apr - Mar), 2022",303295.0,303295.0,303295.0,303295.0,1,,303295.0,303295.0,303295.0,303295.0,303295.0,110858.0,110858.0,110858.0,110858.0,1,,110858.0,110858.0,110858.0,110858.0,110858.0,53.0,53.0,53.0,53.0,1,,53.0,53.0,53.0,53.0,53.0,81.0,81.0,81.0,81.0,1,,81.0,81.0,81.0,81.0,81.0,473.0,473.0,473.0,473.0,1,,473.0,473.0,473.0,473.0,473.0,3167.0,3167.0,3167.0,3167.0,1,,3167.0,3167.0,3167.0,3167.0,3167.0,0.0,0.0,0.0,0.0,1,,0.0,0.0,0.0,0.0,0.0,0.0,0.0,0.0,0.0,1,,0.0,0.0,0.0,0.0,0.0,292.0,292.0,292.0,292.0,1,,292.0,292.0,292.0,292.0,292.0
India,Karnataka,29,"Financial Year (Apr - Mar), 2022",857399.0,857399.0,857399.0,857399.0,1,,857399.0,857399.0,857399.0,857399.0,857399.0,111240.0,111240.0,111240.0,111240.0,1,,111240.0,111240.0,111240.0,111240.0,111240.0,465.0,465.0,465.0,465.0,1,,465.0,465.0,465.0,465.0,465.0,198.0,198.0,198.0,198.0,1,,198.0,198.0,198.0,198.0,198.0,1336.0,1336.0,1336.0,1336.0,1,,1336.0,1336.0,1336.0,1336.0,1336.0,17543.0,17543.0,17543.0,17543.0,1,,17543.0,17543.0,17543.0,17543.0,17543.0,0.0,0.0,0.0,0.0,1,,0.0,0.0,0.0,0.0,0.0,0.0,0.0,0.0,0.0,1,,0.0,0.0,0.0,0.0,0.0,84.0,84.0,84.0,84.0,1,,84.0,84.0,84.0,84.0,84.0
India,Goa,30,"Financial Year (Apr - Mar), 2022",38239.0,38239.0,38239.0,38239.0,1,,38239.0,38239.0,38239.0,38239.0,38239.0,5161.0,5161.0,5161.0,5161.0,1,,5161.0,5161.0,5161.0,5161.0,5161.0,77.0,77.0,77.0,77.0,1,,77.0,77.0,77.0,77.0,77.0,17.0,17.0,17.0,17.0,1,,17.0,17.0,17.0,17.0,17.0,208.0,208.0,208.0,208.0,1,,208.0,208.0,208.0,208.0,208.0,734.0,734.0,734.0,734.0,1,,734.0,734.0,734.0,734.0,734.0,0.0,0.0,0.0,0.0,1,,0.0,0.0,0.0,0.0,0.0,0.0,0.0,0.0,0.0,1,,0.0,0.0,0.0,0.0,0.0,13.0,13.0,13.0,13.0,1,,13.0,13.0,13.0,13.0,13.0
India,Lakshadweep,31,"Financial Year (Apr - Mar), 2022",228.0,228.0,228.0,228.0,1,,228.0,228.0,228.0,228.0,228.0,21.0,21.0,21.0,21.0,1,,21.0,21.0,21.0,21.0,21.0,0.0,0.0,0.0,0.0,1,,0.0,0.0,0.0,0.0,0.0,0.0,0.0,0.0,0.0,1,,0.0,0.0,0.0,0.0,0.0,58.0,58.0,58.0,58.0,1,,58.0,58.0,58.0,58.0,58.0,29.0,29.0,29.0,29.0,1,,29.0,29.0,29.0,29.0,29.0,0.0,0.0,0.0,0.0,1,,0.0,0.0,0.0,0.0,0.0,0.0,0.0,0.0,0.0,1,,0.0,0.0,0.0,0.0,0.0,0.0,0.0,0.0,0.0,1,,0.0,0.0,0.0,0.0,0.0
India,Kerala,32,"Financial Year (Apr - Mar), 2022",341278.0,341278.0,341278.0,341278.0,1,,341278.0,341278.0,341278.0,341278.0,341278.0,51354.0,51354.0,51354.0,51354.0,1,,51354.0,51354.0,51354.0,51354.0,51354.0,91.0,91.0,91.0,91.0,1,,91.0,91.0,91.0,91.0,91.0,21.0,21.0,21.0,21.0,1,,21.0,21.0,21.0,21.0,21.0,761.0,761.0,761.0,761.0,1,,761.0,761.0,761.0,761.0,761.0,7361.0,7361.0,7361.0,7361.0,1,,7361.0,7361.0,7361.0,7361.0,7361.0,2.0,2.0,2.0,2.0,1,,2.0,2.0,2.0,2.0,2.0,0.0,0.0,0.0,0.0,1,,0.0,0.0,0.0,0.0,0.0,35.0,35.0,35.0,35.0,1,,35.0,35.0,35.0,35.0,35.0
India,Tamil Nadu,33,"Financial Year (Apr - Mar), 2022",1007706.0,1007706.0,1007706.0,1007706.0,1,,1007706.0,1007706.0,1007706.0,1007706.0,1007706.0,71667.0,71667.0,71667.0,71667.0,1,,71667.0,71667.0,71667.0,71667.0,71667.0,506.0,506.0,506.0,506.0,1,,506.0,506.0,506.0,506.0,506.0,70.0,70.0,70.0,70.0,1,,70.0,70.0,70.0,70.0,70.0,1134.0,1134.0,1134.0,1134.0,1,,1134.0,1134.0,1134.0,1134.0,1134.0,12877.0,12877.0,12877.0,12877.0,1,,12877.0,12877.0,12877.0,12877.0,12877.0,1.0,1.0,1.0,1.0,1,,1.0,1.0,1.0,1.0,1.0,0.0,0.0,0.0,0.0,1,,0.0,0.0,0.0,0.0,0.0,121.0,121.0,121.0,121.0,1,,121.0,121.0,121.0,121.0,121.0
India,Puducherry,34,"Financial Year (Apr - Mar), 2022",20581.0,20581.0,20581.0,20581.0,1,,20581.0,20581.0,20581.0,20581.0,20581.0,2467.0,2467.0,2467.0,2467.0,1,,2467.0,2467.0,2467.0,2467.0,2467.0,8.0,8.0,8.0,8.0,1,,8.0,8.0,8.0,8.0,8.0,1.0,1.0,1.0,1.0,1,,1.0,1.0,1.0,1.0,1.0,159.0,159.0,159.0,159.0,1,,159.0,159.0,159.0,159.0,159.0,363.0,363.0,363.0,363.0,1,,363.0,363.0,363.0,363.0,363.0,0.0,0.0,0.0,0.0,1,,0.0,0.0,0.0,0.0,0.0,0.0,0.0,0.0,0.0,1,,0.0,0.0,0.0,0.0,0.0,3.0,3.0,3.0,3.0,1,,3.0,3.0,3.0,3.0,3.0
India,Andaman And Nicobar Islands,35,"Financial Year (Apr - Mar), 2022",4243.0,4243.0,4243.0,4243.0,1,,4243.0,4243.0,4243.0,4243.0,4243.0,810.0,810.0,810.0,810.0,1,,810.0,810.0,810.0,810.0,810.0,4.0,4.0,4.0,4.0,1,,4.0,4.0,4.0,4.0,4.0,0.0,0.0,0.0,0.0,1,,0.0,0.0,0.0,0.0,0.0,72.0,72.0,72.0,72.0,1,,72.0,72.0,72.0,72.0,72.0,322.0,322.0,322.0,322.0,1,,322.0,322.0,322.0,322.0,322.0,0.0,0.0,0.0,0.0,1,,0.0,0.0,0.0,0.0,0.0,0.0,0.0,0.0,0.0,1,,0.0,0.0,0.0,0.0,0.0,0.0,0.0,0.0,0.0,1,,0.0,0.0,0.0,0.0,0.0
India,Telangana,36,"Financial Year (Apr - Mar), 2022",423698.0,423698.0,423698.0,423698.0,1,,423698.0,423698.0,423698.0,423698.0,423698.0,61061.0,61061.0,61061.0,61061.0,1,,61061.0,61061.0,61061.0,61061.0,61061.0,349.0,349.0,349.0,349.0,1,,349.0,349.0,349.0,349.0,349.0,162.0,162.0,162.0,162.0,1,,162.0,162.0,162.0,162.0,162.0,667.0,667.0,667.0,667.0,1,,667.0,667.0,667.0,667.0,667.0,21683.0,21683.0,21683.0,21683.0,1,,21683.0,21683.0,21683.0,21683.0,21683.0,3.0,3.0,3.0,3.0,1,,3.0,3.0,3.0,3.0,3.0,0.0,0.0,0.0,0.0,1,,0.0,0.0,0.0,0.0,0.0,57.0,57.0,57.0,57.0,1,,57.0,57.0,57.0,57.0,57.0
India,Ladakh,37,"Financial Year (Apr - Mar), 2022",6023.0,6023.0,6023.0,6023.0,1,,6023.0,6023.0,6023.0,6023.0,6023.0,576.0,576.0,576.0,576.0,1,,576.0,576.0,576.0,576.0,576.0,1.0,1.0,1.0,1.0,1,,1.0,1.0,1.0,1.0,1.0,0.0,0.0,0.0,0.0,1,,0.0,0.0,0.0,0.0,0.0,34.0,34.0,34.0,34.0,1,,34.0,34.0,34.0,34.0,34.0,350.0,350.0,350.0,350.0,1,,350.0,350.0,350.0,350.0,350.0,0.0,0.0,0.0,0.0,1,,0.0,0.0,0.0,0.0,0.0,0.0,0.0,0.0,0.0,1,,0.0,0.0,0.0,0.0,0.0,0.0,0.0,0.0,0.0,1,,0.0,0.0,0.0,0.0,0.0
India,The Dadra And Nagar Haveli And Daman And Diu,38,"Financial Year (Apr - Mar), 2022",14743.0,14743.0,14743.0,14743.0,1,,14743.0,14743.0,14743.0,14743.0,14743.0,625.0,625.0,625.0,625.0,1,,625.0,625.0,625.0,625.0,625.0,4.0,4.0,4.0,4.0,1,,4.0,4.0,4.0,4.0,4.0,2.0,2.0,2.0,2.0,1,,2.0,2.0,2.0,2.0,2.0,147.0,147.0,147.0,147.0,1,,147.0,147.0,147.0,147.0,147.0,259.0,259.0,259.0,259.0,1,,259.0,259.0,259.0,259.0,259.0,0.0,0.0,0.0,0.0,1,,0.0,0.0,0.0,0.0,0.0,0.0,0.0,0.0,0.0,1,,0.0,0.0,0.0,0.0,0.0,1.0,1.0,1.0,1.0,1,,1.0,1.0,1.0,1.0,1.0
