Country,State,State LGD code,Year,Category of expenditure,Medical and public expenditure on health by Urban Health Services ( UHS )_avg,Medical and public expenditure on health by Urban Health Services ( UHS )_max,Medical and public expenditure on health by Urban Health Services ( UHS )_min,Medical and public expenditure on health by Urban Health Services ( UHS )_sum,Medical and public expenditure on health by Urban Health Services ( UHS )_count,Medical and public expenditure on health by Urban Health Services ( UHS )_stddev,Medical and public expenditure on health by Urban Health Services ( UHS )_LandAreaWeight,Medical and public expenditure on health by Urban Health Services ( UHS )_TotalPopulationWeight,Medical and public expenditure on health by Urban Health Services ( UHS )_NumberOfHouseholdsWeight,Medical and public expenditure on health by Urban Health Services ( UHS )_TotalPopulationMaleWeight,Medical and public expenditure on health by Urban Health Services ( UHS )_TotalPopulationFemaleWeight,Medical and public expenditure on health by Rural Health Services ( RHS )_avg,Medical and public expenditure on health by Rural Health Services ( RHS )_max,Medical and public expenditure on health by Rural Health Services ( RHS )_min,Medical and public expenditure on health by Rural Health Services ( RHS )_sum,Medical and public expenditure on health by Rural Health Services ( RHS )_count,Medical and public expenditure on health by Rural Health Services ( RHS )_stddev,Medical and public expenditure on health by Rural Health Services ( RHS )_LandAreaWeight,Medical and public expenditure on health by Rural Health Services ( RHS )_TotalPopulationWeight,Medical and public expenditure on health by Rural Health Services ( RHS )_NumberOfHouseholdsWeight,Medical and public expenditure on health by Rural Health Services ( RHS )_TotalPopulationMaleWeight,Medical and public expenditure on health by Rural Health Services ( RHS )_TotalPopulationFemaleWeight,"Medical and public expenditure on health by Medical Education, Research & Training ( MERT )_avg","Medical and public expenditure on health by Medical Education, Research & Training ( MERT )_max","Medical and public expenditure on health by Medical Education, Research & Training ( MERT )_min","Medical and public expenditure on health by Medical Education, Research & Training ( MERT )_sum","Medical and public expenditure on health by Medical Education, Research & Training ( MERT )_count","Medical and public expenditure on health by Medical Education, Research & Training ( MERT )_stddev","Medical and public expenditure on health by Medical Education, Research & Training ( MERT )_LandAreaWeight","Medical and public expenditure on health by Medical Education, Research & Training ( MERT )_TotalPopulationWeight","Medical and public expenditure on health by Medical Education, Research & Training ( MERT )_NumberOfHouseholdsWeight","Medical and public expenditure on health by Medical Education, Research & Training ( MERT )_TotalPopulationMaleWeight","Medical and public expenditure on health by Medical Education, Research & Training ( MERT )_TotalPopulationFemaleWeight",Medical and public expenditure on health by Public Health ( PH )_avg,Medical and public expenditure on health by Public Health ( PH )_max,Medical and public expenditure on health by Public Health ( PH )_min,Medical and public expenditure on health by Public Health ( PH )_sum,Medical and public expenditure on health by Public Health ( PH )_count,Medical and public expenditure on health by Public Health ( PH )_stddev,Medical and public expenditure on health by Public Health ( PH )_LandAreaWeight,Medical and public expenditure on health by Public Health ( PH )_TotalPopulationWeight,Medical and public expenditure on health by Public Health ( PH )_NumberOfHouseholdsWeight,Medical and public expenditure on health by Public Health ( PH )_TotalPopulationMaleWeight,Medical and public expenditure on health by Public Health ( PH )_TotalPopulationFemaleWeight,Miscellaneous medical and public expenditure on health_avg,Miscellaneous medical and public expenditure on health_max,Miscellaneous medical and public expenditure on health_min,Miscellaneous medical and public expenditure on health_sum,Miscellaneous medical and public expenditure on health_count,Miscellaneous medical and public expenditure on health_stddev,Miscellaneous medical and public expenditure on health_LandAreaWeight,Miscellaneous medical and public expenditure on health_TotalPopulationWeight,Miscellaneous medical and public expenditure on health_NumberOfHouseholdsWeight,Miscellaneous medical and public expenditure on health_TotalPopulationMaleWeight,Miscellaneous medical and public expenditure on health_TotalPopulationFemaleWeight,Family welfare expenditure on health by Urban Family Welfare Services ( UFWS )_avg,Family welfare expenditure on health by Urban Family Welfare Services ( UFWS )_max,Family welfare expenditure on health by Urban Family Welfare Services ( UFWS )_min,Family welfare expenditure on health by Urban Family Welfare Services ( UFWS )_sum,Family welfare expenditure on health by Urban Family Welfare Services ( UFWS )_count,Family welfare expenditure on health by Urban Family Welfare Services ( UFWS )_stddev,Family welfare expenditure on health by Urban Family Welfare Services ( UFWS )_LandAreaWeight,Family welfare expenditure on health by Urban Family Welfare Services ( UFWS )_TotalPopulationWeight,Family welfare expenditure on health by Urban Family Welfare Services ( UFWS )_NumberOfHouseholdsWeight,Family welfare expenditure on health by Urban Family Welfare Services ( UFWS )_TotalPopulationMaleWeight,Family welfare expenditure on health by Urban Family Welfare Services ( UFWS )_TotalPopulationFemaleWeight,Family welfare expenditure on health by Rural Family Welfare Services ( UFWS )_avg,Family welfare expenditure on health by Rural Family Welfare Services ( UFWS )_max,Family welfare expenditure on health by Rural Family Welfare Services ( UFWS )_min,Family welfare expenditure on health by Rural Family Welfare Services ( UFWS )_sum,Family welfare expenditure on health by Rural Family Welfare Services ( UFWS )_count,Family welfare expenditure on health by Rural Family Welfare Services ( UFWS )_stddev,Family welfare expenditure on health by Rural Family Welfare Services ( UFWS )_LandAreaWeight,Family welfare expenditure on health by Rural Family Welfare Services ( UFWS )_TotalPopulationWeight,Family welfare expenditure on health by Rural Family Welfare Services ( UFWS )_NumberOfHouseholdsWeight,Family welfare expenditure on health by Rural Family Welfare Services ( UFWS )_TotalPopulationMaleWeight,Family welfare expenditure on health by Rural Family Welfare Services ( UFWS )_TotalPopulationFemaleWeight,Family welfare expenditure on health by Mother and Child Health ( MCH )_avg,Family welfare expenditure on health by Mother and Child Health ( MCH )_max,Family welfare expenditure on health by Mother and Child Health ( MCH )_min,Family welfare expenditure on health by Mother and Child Health ( MCH )_sum,Family welfare expenditure on health by Mother and Child Health ( MCH )_count,Family welfare expenditure on health by Mother and Child Health ( MCH )_stddev,Family welfare expenditure on health by Mother and Child Health ( MCH )_LandAreaWeight,Family welfare expenditure on health by Mother and Child Health ( MCH )_TotalPopulationWeight,Family welfare expenditure on health by Mother and Child Health ( MCH )_NumberOfHouseholdsWeight,Family welfare expenditure on health by Mother and Child Health ( MCH )_TotalPopulationMaleWeight,Family welfare expenditure on health by Mother and Child Health ( MCH )_TotalPopulationFemaleWeight,Miscellaneous family welfare expenditure on health_avg,Miscellaneous family welfare expenditure on health_max,Miscellaneous family welfare expenditure on health_min,Miscellaneous family welfare expenditure on health_sum,Miscellaneous family welfare expenditure on health_count,Miscellaneous family welfare expenditure on health_stddev,Miscellaneous family welfare expenditure on health_LandAreaWeight,Miscellaneous family welfare expenditure on health_TotalPopulationWeight,Miscellaneous family welfare expenditure on health_NumberOfHouseholdsWeight,Miscellaneous family welfare expenditure on health_TotalPopulationMaleWeight,Miscellaneous family welfare expenditure on health_TotalPopulationFemaleWeight
India,Jammu And Kashmir,1,"Calendar Year (Jan - Dec), 2015",Major (Non EAG States),309.0888097583,309.0888097583,309.0888097583,309.0888097583,1,,309.089,309.089,309.089,309.089,309.089,898.9006840757,898.9006840757,898.9006840757,898.9006840757,1,,898.901,898.901,898.901,898.901,898.901,541.8835462219,541.8835462219,541.8835462219,541.8835462219,1,,541.884,541.884,541.884,541.884,541.884,73.3596858604,73.3596858604,73.3596858604,73.3596858604,1,,73.36,73.36,73.36,73.36,73.36,0.0,0.0,0.0,0.0,1,,0.0,0.0,0.0,0.0,0.0,0.0,0.0,0.0,0.0,1,,0.0,0.0,0.0,0.0,0.0,16.6281954617,16.6281954617,16.6281954617,16.6281954617,1,,16.628,16.628,16.628,16.628,16.628,0.0,0.0,0.0,0.0,1,,0.0,0.0,0.0,0.0,0.0,42.0595532266,42.0595532266,42.0595532266,42.0595532266,1,,42.06,42.06,42.06,42.06,42.06
India,Jammu And Kashmir,1,"Calendar Year (Jan - Dec), 2016",Major (Non EAG States),7703590.600078524,7703590.600078524,7703590.600078524,7703590.600078524,1,,7703590.6,7703590.6,7703590.6,7703590.6,7703590.6,4508893.656356892,4508893.656356892,4508893.656356892,4508893.656356892,1,,4508893.656,4508893.656,4508893.656,4508893.656,4508893.656,5461939.657372416,5461939.657372416,5461939.657372416,5461939.657372416,1,,5461939.657,5461939.657,5461939.657,5461939.657,5461939.657,650376.6528345302,650376.6528345302,650376.6528345302,650376.6528345302,1,,650376.653,650376.653,650376.653,650376.653,650376.653,0.0,0.0,0.0,0.0,1,,0.0,0.0,0.0,0.0,0.0,0.0,0.0,0.0,0.0,1,,0.0,0.0,0.0,0.0,0.0,178358.9151677394,178358.9151677394,178358.9151677394,178358.9151677394,1,,178358.915,178358.915,178358.915,178358.915,178358.915,0.0,0.0,0.0,0.0,1,,0.0,0.0,0.0,0.0,0.0,61911.662349571,61911.662349571,61911.662349571,61911.662349571,1,,61911.662,61911.662,61911.662,61911.662,61911.662
India,Jammu And Kashmir,1,"Calendar Year (Jan - Dec), 2017",Major (Non EAG States),8319015.7641817415,8319015.7641817415,8319015.7641817415,8319015.7641817415,1,,8319015.764,8319015.764,8319015.764,8319015.764,8319015.764,5182097.887172879,5182097.887172879,5182097.887172879,5182097.887172879,1,,5182097.887,5182097.887,5182097.887,5182097.887,5182097.887,5769982.847074969,5769982.847074969,5769982.847074969,5769982.847074969,1,,5769982.847,5769982.847,5769982.847,5769982.847,5769982.847,717618.1408941433,717618.1408941433,717618.1408941433,717618.1408941433,1,,717618.141,717618.141,717618.141,717618.141,717618.141,0.0,0.0,0.0,0.0,1,,0.0,0.0,0.0,0.0,0.0,0.0,0.0,0.0,0.0,1,,0.0,0.0,0.0,0.0,0.0,192009.6855126366,192009.6855126366,192009.6855126366,192009.6855126366,1,,192009.686,192009.686,192009.686,192009.686,192009.686,0.0,0.0,0.0,0.0,1,,0.0,0.0,0.0,0.0,0.0,55460.9006395827,55460.9006395827,55460.9006395827,55460.9006395827,1,,55460.901,55460.901,55460.901,55460.901,55460.901
India,Himachal Pradesh,2,"Calendar Year (Jan - Dec), 2015",Major (Non EAG States),357.0,357.0,357.0,357.0,1,,357.0,357.0,357.0,357.0,357.0,476.0,476.0,476.0,476.0,1,,476.0,476.0,476.0,476.0,476.0,262.0,262.0,262.0,262.0,1,,262.0,262.0,262.0,262.0,262.0,34.0,34.0,34.0,34.0,1,,34.0,34.0,34.0,34.0,34.0,0.0,0.0,0.0,0.0,1,,0.0,0.0,0.0,0.0,0.0,10.0,10.0,10.0,10.0,1,,10.0,10.0,10.0,10.0,10.0,72.0,72.0,72.0,72.0,1,,72.0,72.0,72.0,72.0,72.0,0.0,0.0,0.0,0.0,1,,0.0,0.0,0.0,0.0,0.0,206.0,206.0,206.0,206.0,1,,206.0,206.0,206.0,206.0,206.0
India,Himachal Pradesh,2,"Calendar Year (Jan - Dec), 2016",Major (Non EAG States),4052171.0,4052171.0,4052171.0,4052171.0,1,,4052171.0,4052171.0,4052171.0,4052171.0,4052171.0,7261502.0,7261502.0,7261502.0,7261502.0,1,,7261502.0,7261502.0,7261502.0,7261502.0,7261502.0,3070704.0,3070704.0,3070704.0,3070704.0,1,,3070704.0,3070704.0,3070704.0,3070704.0,3070704.0,373320.0,373320.0,373320.0,373320.0,1,,373320.0,373320.0,373320.0,373320.0,373320.0,0.0,0.0,0.0,0.0,1,,0.0,0.0,0.0,0.0,0.0,119716.0,119716.0,119716.0,119716.0,1,,119716.0,119716.0,119716.0,119716.0,119716.0,887921.0,887921.0,887921.0,887921.0,1,,887921.0,887921.0,887921.0,887921.0,887921.0,0.0,0.0,0.0,0.0,1,,0.0,0.0,0.0,0.0,0.0,2103130.0,2103130.0,2103130.0,2103130.0,1,,2103130.0,2103130.0,2103130.0,2103130.0,2103130.0
India,Himachal Pradesh,2,"Calendar Year (Jan - Dec), 2017",Major (Non EAG States),4443337.0,4443337.0,4443337.0,4443337.0,1,,4443337.0,4443337.0,4443337.0,4443337.0,4443337.0,7427195.0,7427195.0,7427195.0,7427195.0,1,,7427195.0,7427195.0,7427195.0,7427195.0,7427195.0,4214315.0,4214315.0,4214315.0,4214315.0,1,,4214315.0,4214315.0,4214315.0,4214315.0,4214315.0,563807.0,563807.0,563807.0,563807.0,1,,563807.0,563807.0,563807.0,563807.0,563807.0,0.0,0.0,0.0,0.0,1,,0.0,0.0,0.0,0.0,0.0,96887.0,96887.0,96887.0,96887.0,1,,96887.0,96887.0,96887.0,96887.0,96887.0,884253.0,884253.0,884253.0,884253.0,1,,884253.0,884253.0,884253.0,884253.0,884253.0,0.0,0.0,0.0,0.0,1,,0.0,0.0,0.0,0.0,0.0,2428570.0,2428570.0,2428570.0,2428570.0,1,,2428570.0,2428570.0,2428570.0,2428570.0,2428570.0
India,Punjab,3,"Calendar Year (Jan - Dec), 2015",Major (Non EAG States),1217.0,1217.0,1217.0,1217.0,1,,1217.0,1217.0,1217.0,1217.0,1217.0,514.0,514.0,514.0,514.0,1,,514.0,514.0,514.0,514.0,514.0,263.0,263.0,263.0,263.0,1,,263.0,263.0,263.0,263.0,263.0,195.0,195.0,195.0,195.0,1,,195.0,195.0,195.0,195.0,195.0,222.0,222.0,222.0,222.0,1,,222.0,222.0,222.0,222.0,222.0,11.0,11.0,11.0,11.0,1,,11.0,11.0,11.0,11.0,11.0,113.0,113.0,113.0,113.0,1,,113.0,113.0,113.0,113.0,113.0,0.0,0.0,0.0,0.0,1,,0.0,0.0,0.0,0.0,0.0,73.0,73.0,73.0,73.0,1,,73.0,73.0,73.0,73.0,73.0
India,Punjab,3,"Calendar Year (Jan - Dec), 2016",Major (Non EAG States),16553164.0,16553164.0,16553164.0,16553164.0,1,,16553164.0,16553164.0,16553164.0,16553164.0,16553164.0,5179139.0,5179139.0,5179139.0,5179139.0,1,,5179139.0,5179139.0,5179139.0,5179139.0,5179139.0,2728629.0,2728629.0,2728629.0,2728629.0,1,,2728629.0,2728629.0,2728629.0,2728629.0,2728629.0,1666279.0,1666279.0,1666279.0,1666279.0,1,,1666279.0,1666279.0,1666279.0,1666279.0,1666279.0,806821.0,806821.0,806821.0,806821.0,1,,806821.0,806821.0,806821.0,806821.0,806821.0,105539.0,105539.0,105539.0,105539.0,1,,105539.0,105539.0,105539.0,105539.0,105539.0,1144804.0,1144804.0,1144804.0,1144804.0,1,,1144804.0,1144804.0,1144804.0,1144804.0,1144804.0,0.0,0.0,0.0,0.0,1,,0.0,0.0,0.0,0.0,0.0,717952.0,717952.0,717952.0,717952.0,1,,717952.0,717952.0,717952.0,717952.0,717952.0
India,Punjab,3,"Calendar Year (Jan - Dec), 2017",Major (Non EAG States),15120803.0,15120803.0,15120803.0,15120803.0,1,,15120803.0,15120803.0,15120803.0,15120803.0,15120803.0,5348080.0,5348080.0,5348080.0,5348080.0,1,,5348080.0,5348080.0,5348080.0,5348080.0,5348080.0,3113239.0,3113239.0,3113239.0,3113239.0,1,,3113239.0,3113239.0,3113239.0,3113239.0,3113239.0,1713096.0,1713096.0,1713096.0,1713096.0,1,,1713096.0,1713096.0,1713096.0,1713096.0,1713096.0,58249.0,58249.0,58249.0,58249.0,1,,58249.0,58249.0,58249.0,58249.0,58249.0,119032.0,119032.0,119032.0,119032.0,1,,119032.0,119032.0,119032.0,119032.0,119032.0,1276072.0,1276072.0,1276072.0,1276072.0,1,,1276072.0,1276072.0,1276072.0,1276072.0,1276072.0,0.0,0.0,0.0,0.0,1,,0.0,0.0,0.0,0.0,0.0,729938.0,729938.0,729938.0,729938.0,1,,729938.0,729938.0,729938.0,729938.0,729938.0
India,Chandigarh,4,"Calendar Year (Jan - Dec), 2015",Union Territories,,,,,0,,,,,,,,,,,0,,,,,,,,,,,0,,,,,,,,,,,0,,,,,,,,,,,0,,,,,,,,,,,0,,,,,,,,,,,0,,,,,,,,,,,0,,,,,,,,,,,0,,,,,,
India,Chandigarh,4,"Calendar Year (Jan - Dec), 2016",Union Territories,,,,,0,,,,,,,,,,,0,,,,,,,,,,,0,,,,,,,,,,,0,,,,,,,,,,,0,,,,,,,,,,,0,,,,,,,,,,,0,,,,,,,,,,,0,,,,,,,,,,,0,,,,,,
India,Chandigarh,4,"Calendar Year (Jan - Dec), 2017",Union Territories,,,,,0,,,,,,,,,,,0,,,,,,,,,,,0,,,,,,,,,,,0,,,,,,,,,,,0,,,,,,,,,,,0,,,,,,,,,,,0,,,,,,,,,,,0,,,,,,,,,,,0,,,,,,
India,Uttarakhand,5,"Calendar Year (Jan - Dec), 2015",EAG+1 States,442.0,442.0,442.0,442.0,1,,442.0,442.0,442.0,442.0,442.0,632.0,632.0,632.0,632.0,1,,632.0,632.0,632.0,632.0,632.0,115.0,115.0,115.0,115.0,1,,115.0,115.0,115.0,115.0,115.0,167.0,167.0,167.0,167.0,1,,167.0,167.0,167.0,167.0,167.0,0.0,0.0,0.0,0.0,1,,0.0,0.0,0.0,0.0,0.0,4.0,4.0,4.0,4.0,1,,4.0,4.0,4.0,4.0,4.0,93.0,93.0,93.0,93.0,1,,93.0,93.0,93.0,93.0,93.0,0.0,0.0,0.0,0.0,1,,0.0,0.0,0.0,0.0,0.0,11.0,11.0,11.0,11.0,1,,11.0,11.0,11.0,11.0,11.0
India,Uttarakhand,5,"Calendar Year (Jan - Dec), 2016",EAG+1 States,4577664.0,4577664.0,4577664.0,4577664.0,1,,4577664.0,4577664.0,4577664.0,4577664.0,4577664.0,6494412.0,6494412.0,6494412.0,6494412.0,1,,6494412.0,6494412.0,6494412.0,6494412.0,6494412.0,1473211.0,1473211.0,1473211.0,1473211.0,1,,1473211.0,1473211.0,1473211.0,1473211.0,1473211.0,1420867.0,1420867.0,1420867.0,1420867.0,1,,1420867.0,1420867.0,1420867.0,1420867.0,1420867.0,0.0,0.0,0.0,0.0,1,,0.0,0.0,0.0,0.0,0.0,40413.0,40413.0,40413.0,40413.0,1,,40413.0,40413.0,40413.0,40413.0,40413.0,79564.0,79564.0,79564.0,79564.0,1,,79564.0,79564.0,79564.0,79564.0,79564.0,634.0,634.0,634.0,634.0,1,,634.0,634.0,634.0,634.0,634.0,974713.0,974713.0,974713.0,974713.0,1,,974713.0,974713.0,974713.0,974713.0,974713.0
India,Uttarakhand,5,"Calendar Year (Jan - Dec), 2017",EAG+1 States,5675785.0,5675785.0,5675785.0,5675785.0,1,,5675785.0,5675785.0,5675785.0,5675785.0,5675785.0,5848963.0,5848963.0,5848963.0,5848963.0,1,,5848963.0,5848963.0,5848963.0,5848963.0,5848963.0,1694424.0,1694424.0,1694424.0,1694424.0,1,,1694424.0,1694424.0,1694424.0,1694424.0,1694424.0,1800517.0,1800517.0,1800517.0,1800517.0,1,,1800517.0,1800517.0,1800517.0,1800517.0,1800517.0,0.0,0.0,0.0,0.0,1,,0.0,0.0,0.0,0.0,0.0,37849.0,37849.0,37849.0,37849.0,1,,37849.0,37849.0,37849.0,37849.0,37849.0,1019182.0,1019182.0,1019182.0,1019182.0,1,,1019182.0,1019182.0,1019182.0,1019182.0,1019182.0,0.0,0.0,0.0,0.0,1,,0.0,0.0,0.0,0.0,0.0,116573.0,116573.0,116573.0,116573.0,1,,116573.0,116573.0,116573.0,116573.0,116573.0
India,Haryana,6,"Calendar Year (Jan - Dec), 2015",Major (Non EAG States),785.0,785.0,785.0,785.0,1,,785.0,785.0,785.0,785.0,785.0,862.0,862.0,862.0,862.0,1,,862.0,862.0,862.0,862.0,862.0,555.0,555.0,555.0,555.0,1,,555.0,555.0,555.0,555.0,555.0,179.0,179.0,179.0,179.0,1,,179.0,179.0,179.0,179.0,179.0,2.0,2.0,2.0,2.0,1,,2.0,2.0,2.0,2.0,2.0,3.0,3.0,3.0,3.0,1,,3.0,3.0,3.0,3.0,3.0,101.0,101.0,101.0,101.0,1,,101.0,101.0,101.0,101.0,101.0,7.0,7.0,7.0,7.0,1,,7.0,7.0,7.0,7.0,7.0,30.0,30.0,30.0,30.0,1,,30.0,30.0,30.0,30.0,30.0
India,Haryana,6,"Calendar Year (Jan - Dec), 2016",Major (Non EAG States),8333562.0,8333562.0,8333562.0,8333562.0,1,,8333562.0,8333562.0,8333562.0,8333562.0,8333562.0,11528157.0,11528157.0,11528157.0,11528157.0,1,,11528157.0,11528157.0,11528157.0,11528157.0,11528157.0,7062905.0,7062905.0,7062905.0,7062905.0,1,,7062905.0,7062905.0,7062905.0,7062905.0,7062905.0,1795210.0,1795210.0,1795210.0,1795210.0,1,,1795210.0,1795210.0,1795210.0,1795210.0,1795210.0,29776.0,29776.0,29776.0,29776.0,1,,29776.0,29776.0,29776.0,29776.0,29776.0,39984.0,39984.0,39984.0,39984.0,1,,39984.0,39984.0,39984.0,39984.0,39984.0,1113912.0,1113912.0,1113912.0,1113912.0,1,,1113912.0,1113912.0,1113912.0,1113912.0,1113912.0,237129.0,237129.0,237129.0,237129.0,1,,237129.0,237129.0,237129.0,237129.0,237129.0,303659.0,303659.0,303659.0,303659.0,1,,303659.0,303659.0,303659.0,303659.0,303659.0
India,Haryana,6,"Calendar Year (Jan - Dec), 2017",Major (Non EAG States),11042530.0,11042530.0,11042530.0,11042530.0,1,,11042530.0,11042530.0,11042530.0,11042530.0,11042530.0,11821712.0,11821712.0,11821712.0,11821712.0,1,,11821712.0,11821712.0,11821712.0,11821712.0,11821712.0,7274892.0,7274892.0,7274892.0,7274892.0,1,,7274892.0,7274892.0,7274892.0,7274892.0,7274892.0,1879478.0,1879478.0,1879478.0,1879478.0,1,,1879478.0,1879478.0,1879478.0,1879478.0,1879478.0,39891.0,39891.0,39891.0,39891.0,1,,39891.0,39891.0,39891.0,39891.0,39891.0,40536.0,40536.0,40536.0,40536.0,1,,40536.0,40536.0,40536.0,40536.0,40536.0,1138760.0,1138760.0,1138760.0,1138760.0,1,,1138760.0,1138760.0,1138760.0,1138760.0,1138760.0,234209.0,234209.0,234209.0,234209.0,1,,234209.0,234209.0,234209.0,234209.0,234209.0,292737.0,292737.0,292737.0,292737.0,1,,292737.0,292737.0,292737.0,292737.0,292737.0
India,Delhi,7,"Calendar Year (Jan - Dec), 2015",Major (Non EAG States),2798.0,2798.0,2798.0,2798.0,1,,2798.0,2798.0,2798.0,2798.0,2798.0,6.0,6.0,6.0,6.0,1,,6.0,6.0,6.0,6.0,6.0,156.0,156.0,156.0,156.0,1,,156.0,156.0,156.0,156.0,156.0,293.0,293.0,293.0,293.0,1,,293.0,293.0,293.0,293.0,293.0,317.0,317.0,317.0,317.0,1,,317.0,317.0,317.0,317.0,317.0,4.0,4.0,4.0,4.0,1,,4.0,4.0,4.0,4.0,4.0,0.0,0.0,0.0,0.0,1,,0.0,0.0,0.0,0.0,0.0,1.0,1.0,1.0,1.0,1,,1.0,1.0,1.0,1.0,1.0,59.0,59.0,59.0,59.0,1,,59.0,59.0,59.0,59.0,59.0
India,Delhi,7,"Calendar Year (Jan - Dec), 2016",Major (Non EAG States),31106023.0,31106023.0,31106023.0,31106023.0,1,,31106023.0,31106023.0,31106023.0,31106023.0,31106023.0,402359.0,402359.0,402359.0,402359.0,1,,402359.0,402359.0,402359.0,402359.0,402359.0,1719708.0,1719708.0,1719708.0,1719708.0,1,,1719708.0,1719708.0,1719708.0,1719708.0,1719708.0,2566430.0,2566430.0,2566430.0,2566430.0,1,,2566430.0,2566430.0,2566430.0,2566430.0,2566430.0,4003617.0,4003617.0,4003617.0,4003617.0,1,,4003617.0,4003617.0,4003617.0,4003617.0,4003617.0,69653.0,69653.0,69653.0,69653.0,1,,69653.0,69653.0,69653.0,69653.0,69653.0,1181.0,1181.0,1181.0,1181.0,1,,1181.0,1181.0,1181.0,1181.0,1181.0,0.0,0.0,0.0,0.0,1,,0.0,0.0,0.0,0.0,0.0,441110.0,441110.0,441110.0,441110.0,1,,441110.0,441110.0,441110.0,441110.0,441110.0
India,Delhi,7,"Calendar Year (Jan - Dec), 2017",Major (Non EAG States),38278718.0,38278718.0,38278718.0,38278718.0,1,,38278718.0,38278718.0,38278718.0,38278718.0,38278718.0,95402.0,95402.0,95402.0,95402.0,1,,95402.0,95402.0,95402.0,95402.0,95402.0,2037557.0,2037557.0,2037557.0,2037557.0,1,,2037557.0,2037557.0,2037557.0,2037557.0,2037557.0,2042345.0,2042345.0,2042345.0,2042345.0,1,,2042345.0,2042345.0,2042345.0,2042345.0,2042345.0,4341720.0,4341720.0,4341720.0,4341720.0,1,,4341720.0,4341720.0,4341720.0,4341720.0,4341720.0,61298.0,61298.0,61298.0,61298.0,1,,61298.0,61298.0,61298.0,61298.0,61298.0,0.0,0.0,0.0,0.0,1,,0.0,0.0,0.0,0.0,0.0,28173.0,28173.0,28173.0,28173.0,1,,28173.0,28173.0,28173.0,28173.0,28173.0,446880.0,446880.0,446880.0,446880.0,1,,446880.0,446880.0,446880.0,446880.0,446880.0
India,Rajasthan,8,"Calendar Year (Jan - Dec), 2015",EAG+1 States,1829.0,1829.0,1829.0,1829.0,1,,1829.0,1829.0,1829.0,1829.0,1829.0,1892.0,1892.0,1892.0,1892.0,1,,1892.0,1892.0,1892.0,1892.0,1892.0,746.0,746.0,746.0,746.0,1,,746.0,746.0,746.0,746.0,746.0,849.0,849.0,849.0,849.0,1,,849.0,849.0,849.0,849.0,849.0,0.0,0.0,0.0,0.0,1,,0.0,0.0,0.0,0.0,0.0,20.0,20.0,20.0,20.0,1,,20.0,20.0,20.0,20.0,20.0,0.0,0.0,0.0,0.0,1,,0.0,0.0,0.0,0.0,0.0,0.0,0.0,0.0,0.0,1,,0.0,0.0,0.0,0.0,0.0,2422.0,2422.0,2422.0,2422.0,1,,2422.0,2422.0,2422.0,2422.0,2422.0
India,Rajasthan,8,"Calendar Year (Jan - Dec), 2016",EAG+1 States,20569608.0,20569608.0,20569608.0,20569608.0,1,,20569608.0,20569608.0,20569608.0,20569608.0,20569608.0,20457303.0,20457303.0,20457303.0,20457303.0,1,,20457303.0,20457303.0,20457303.0,20457303.0,20457303.0,8951450.0,8951450.0,8951450.0,8951450.0,1,,8951450.0,8951450.0,8951450.0,8951450.0,8951450.0,9711815.0,9711815.0,9711815.0,9711815.0,1,,9711815.0,9711815.0,9711815.0,9711815.0,9711815.0,0.0,0.0,0.0,0.0,1,,0.0,0.0,0.0,0.0,0.0,204115.0,204115.0,204115.0,204115.0,1,,204115.0,204115.0,204115.0,204115.0,204115.0,0.0,0.0,0.0,0.0,1,,0.0,0.0,0.0,0.0,0.0,0.0,0.0,0.0,0.0,1,,0.0,0.0,0.0,0.0,0.0,22626959.0,22626959.0,22626959.0,22626959.0,1,,22626959.0,22626959.0,22626959.0,22626959.0,22626959.0
India,Rajasthan,8,"Calendar Year (Jan - Dec), 2017",EAG+1 States,21885115.0,21885115.0,21885115.0,21885115.0,1,,21885115.0,21885115.0,21885115.0,21885115.0,21885115.0,24320500.0,24320500.0,24320500.0,24320500.0,1,,24320500.0,24320500.0,24320500.0,24320500.0,24320500.0,10153783.0,10153783.0,10153783.0,10153783.0,1,,10153783.0,10153783.0,10153783.0,10153783.0,10153783.0,17185638.0,17185638.0,17185638.0,17185638.0,1,,17185638.0,17185638.0,17185638.0,17185638.0,17185638.0,0.0,0.0,0.0,0.0,1,,0.0,0.0,0.0,0.0,0.0,229163.0,229163.0,229163.0,229163.0,1,,229163.0,229163.0,229163.0,229163.0,229163.0,0.0,0.0,0.0,0.0,1,,0.0,0.0,0.0,0.0,0.0,0.0,0.0,0.0,0.0,1,,0.0,0.0,0.0,0.0,0.0,26221474.0,26221474.0,26221474.0,26221474.0,1,,26221474.0,26221474.0,26221474.0,26221474.0,26221474.0
India,Uttar Pradesh,9,"Calendar Year (Jan - Dec), 2015",EAG+1 States,2686.0,2686.0,2686.0,2686.0,1,,2686.0,2686.0,2686.0,2686.0,2686.0,4378.0,4378.0,4378.0,4378.0,1,,4378.0,4378.0,4378.0,4378.0,4378.0,1486.0,1486.0,1486.0,1486.0,1,,1486.0,1486.0,1486.0,1486.0,1486.0,430.0,430.0,430.0,430.0,1,,430.0,430.0,430.0,430.0,430.0,6.0,6.0,6.0,6.0,1,,6.0,6.0,6.0,6.0,6.0,49.0,49.0,49.0,49.0,1,,49.0,49.0,49.0,49.0,49.0,1039.0,1039.0,1039.0,1039.0,1,,1039.0,1039.0,1039.0,1039.0,1039.0,273.0,273.0,273.0,273.0,1,,273.0,273.0,273.0,273.0,273.0,3105.0,3105.0,3105.0,3105.0,1,,3105.0,3105.0,3105.0,3105.0,3105.0
India,Uttar Pradesh,9,"Calendar Year (Jan - Dec), 2016",EAG+1 States,30303063.0,30303063.0,30303063.0,30303063.0,1,,30303063.0,30303063.0,30303063.0,30303063.0,30303063.0,53020412.0,53020412.0,53020412.0,53020412.0,1,,53020412.0,53020412.0,53020412.0,53020412.0,53020412.0,20769220.0,20769220.0,20769220.0,20769220.0,1,,20769220.0,20769220.0,20769220.0,20769220.0,20769220.0,4103898.0,4103898.0,4103898.0,4103898.0,1,,4103898.0,4103898.0,4103898.0,4103898.0,4103898.0,8740.0,8740.0,8740.0,8740.0,1,,8740.0,8740.0,8740.0,8740.0,8740.0,512123.0,512123.0,512123.0,512123.0,1,,512123.0,512123.0,512123.0,512123.0,512123.0,10607005.0,10607005.0,10607005.0,10607005.0,1,,10607005.0,10607005.0,10607005.0,10607005.0,10607005.0,2693287.0,2693287.0,2693287.0,2693287.0,1,,2693287.0,2693287.0,2693287.0,2693287.0,2693287.0,35820554.0,35820554.0,35820554.0,35820554.0,1,,35820554.0,35820554.0,35820554.0,35820554.0,35820554.0
India,Uttar Pradesh,9,"Calendar Year (Jan - Dec), 2017",EAG+1 States,33780651.0,33780651.0,33780651.0,33780651.0,1,,33780651.0,33780651.0,33780651.0,33780651.0,33780651.0,48283271.0,48283271.0,48283271.0,48283271.0,1,,48283271.0,48283271.0,48283271.0,48283271.0,48283271.0,26299263.0,26299263.0,26299263.0,26299263.0,1,,26299263.0,26299263.0,26299263.0,26299263.0,26299263.0,5717406.0,5717406.0,5717406.0,5717406.0,1,,5717406.0,5717406.0,5717406.0,5717406.0,5717406.0,115268.0,115268.0,115268.0,115268.0,1,,115268.0,115268.0,115268.0,115268.0,115268.0,544019.0,544019.0,544019.0,544019.0,1,,544019.0,544019.0,544019.0,544019.0,544019.0,11695486.0,11695486.0,11695486.0,11695486.0,1,,11695486.0,11695486.0,11695486.0,11695486.0,11695486.0,4286500.0,4286500.0,4286500.0,4286500.0,1,,4286500.0,4286500.0,4286500.0,4286500.0,4286500.0,38322498.0,38322498.0,38322498.0,38322498.0,1,,38322498.0,38322498.0,38322498.0,38322498.0,38322498.0
India,Bihar,10,"Calendar Year (Jan - Dec), 2015",EAG+1 States,1917.0,1917.0,1917.0,1917.0,1,,1917.0,1917.0,1917.0,1917.0,1917.0,1737.0,1737.0,1737.0,1737.0,1,,1737.0,1737.0,1737.0,1737.0,1737.0,474.0,474.0,474.0,474.0,1,,474.0,474.0,474.0,474.0,474.0,79.0,79.0,79.0,79.0,1,,79.0,79.0,79.0,79.0,79.0,0.0,0.0,0.0,0.0,1,,0.0,0.0,0.0,0.0,0.0,2.0,2.0,2.0,2.0,1,,2.0,2.0,2.0,2.0,2.0,330.0,330.0,330.0,330.0,1,,330.0,330.0,330.0,330.0,330.0,4.0,4.0,4.0,4.0,1,,4.0,4.0,4.0,4.0,4.0,29.0,29.0,29.0,29.0,1,,29.0,29.0,29.0,29.0,29.0
India,Bihar,10,"Calendar Year (Jan - Dec), 2016",EAG+1 States,20730954.0,20730954.0,20730954.0,20730954.0,1,,20730954.0,20730954.0,20730954.0,20730954.0,20730954.0,24365340.0,24365340.0,24365340.0,24365340.0,1,,24365340.0,24365340.0,24365340.0,24365340.0,24365340.0,4630112.0,4630112.0,4630112.0,4630112.0,1,,4630112.0,4630112.0,4630112.0,4630112.0,4630112.0,869161.0,869161.0,869161.0,869161.0,1,,869161.0,869161.0,869161.0,869161.0,869161.0,0.0,0.0,0.0,0.0,1,,0.0,0.0,0.0,0.0,0.0,31098.0,31098.0,31098.0,31098.0,1,,31098.0,31098.0,31098.0,31098.0,31098.0,3864082.0,3864082.0,3864082.0,3864082.0,1,,3864082.0,3864082.0,3864082.0,3864082.0,3864082.0,36353.0,36353.0,36353.0,36353.0,1,,36353.0,36353.0,36353.0,36353.0,36353.0,401908.0,401908.0,401908.0,401908.0,1,,401908.0,401908.0,401908.0,401908.0,401908.0
India,Bihar,10,"Calendar Year (Jan - Dec), 2017",EAG+1 States,20713631.0,20713631.0,20713631.0,20713631.0,1,,20713631.0,20713631.0,20713631.0,20713631.0,20713631.0,27447856.0,27447856.0,27447856.0,27447856.0,1,,27447856.0,27447856.0,27447856.0,27447856.0,27447856.0,7194319.0,7194319.0,7194319.0,7194319.0,1,,7194319.0,7194319.0,7194319.0,7194319.0,7194319.0,1017346.0,1017346.0,1017346.0,1017346.0,1,,1017346.0,1017346.0,1017346.0,1017346.0,1017346.0,-81736.0,-81736.0,-81736.0,-81736.0,1,,-81736.0,-81736.0,-81736.0,-81736.0,-81736.0,36216.0,36216.0,36216.0,36216.0,1,,36216.0,36216.0,36216.0,36216.0,36216.0,4963246.0,4963246.0,4963246.0,4963246.0,1,,4963246.0,4963246.0,4963246.0,4963246.0,4963246.0,35129.0,35129.0,35129.0,35129.0,1,,35129.0,35129.0,35129.0,35129.0,35129.0,489432.0,489432.0,489432.0,489432.0,1,,489432.0,489432.0,489432.0,489432.0,489432.0
India,Sikkim,11,"Calendar Year (Jan - Dec), 2015",North East States,174.0,174.0,174.0,174.0,1,,174.0,174.0,174.0,174.0,174.0,36.0,36.0,36.0,36.0,1,,36.0,36.0,36.0,36.0,36.0,1.0,1.0,1.0,1.0,1,,1.0,1.0,1.0,1.0,1.0,32.0,32.0,32.0,32.0,1,,32.0,32.0,32.0,32.0,32.0,0.0,0.0,0.0,0.0,1,,0.0,0.0,0.0,0.0,0.0,1.0,1.0,1.0,1.0,1,,1.0,1.0,1.0,1.0,1.0,10.0,10.0,10.0,10.0,1,,10.0,10.0,10.0,10.0,10.0,0.0,0.0,0.0,0.0,1,,0.0,0.0,0.0,0.0,0.0,7.0,7.0,7.0,7.0,1,,7.0,7.0,7.0,7.0,7.0
India,Sikkim,11,"Calendar Year (Jan - Dec), 2016",North East States,1861427.0,1861427.0,1861427.0,1861427.0,1,,1861427.0,1861427.0,1861427.0,1861427.0,1861427.0,421741.0,421741.0,421741.0,421741.0,1,,421741.0,421741.0,421741.0,421741.0,421741.0,10196.0,10196.0,10196.0,10196.0,1,,10196.0,10196.0,10196.0,10196.0,10196.0,349267.0,349267.0,349267.0,349267.0,1,,349267.0,349267.0,349267.0,349267.0,349267.0,-533.0,-533.0,-533.0,-533.0,1,,-533.0,-533.0,-533.0,-533.0,-533.0,5075.0,5075.0,5075.0,5075.0,1,,5075.0,5075.0,5075.0,5075.0,5075.0,108022.0,108022.0,108022.0,108022.0,1,,108022.0,108022.0,108022.0,108022.0,108022.0,0.0,0.0,0.0,0.0,1,,0.0,0.0,0.0,0.0,0.0,64206.0,64206.0,64206.0,64206.0,1,,64206.0,64206.0,64206.0,64206.0,64206.0
India,Sikkim,11,"Calendar Year (Jan - Dec), 2017",North East States,3692755.0,3692755.0,3692755.0,3692755.0,1,,3692755.0,3692755.0,3692755.0,3692755.0,3692755.0,405213.0,405213.0,405213.0,405213.0,1,,405213.0,405213.0,405213.0,405213.0,405213.0,35074.0,35074.0,35074.0,35074.0,1,,35074.0,35074.0,35074.0,35074.0,35074.0,321157.0,321157.0,321157.0,321157.0,1,,321157.0,321157.0,321157.0,321157.0,321157.0,0.0,0.0,0.0,0.0,1,,0.0,0.0,0.0,0.0,0.0,4790.0,4790.0,4790.0,4790.0,1,,4790.0,4790.0,4790.0,4790.0,4790.0,99206.0,99206.0,99206.0,99206.0,1,,99206.0,99206.0,99206.0,99206.0,99206.0,0.0,0.0,0.0,0.0,1,,0.0,0.0,0.0,0.0,0.0,58806.0,58806.0,58806.0,58806.0,1,,58806.0,58806.0,58806.0,58806.0,58806.0
India,Arunachal Pradesh,12,"Calendar Year (Jan - Dec), 2015",North East States,165.0,165.0,165.0,165.0,1,,165.0,165.0,165.0,165.0,165.0,226.0,226.0,226.0,226.0,1,,226.0,226.0,226.0,226.0,226.0,5.0,5.0,5.0,5.0,1,,5.0,5.0,5.0,5.0,5.0,68.0,68.0,68.0,68.0,1,,68.0,68.0,68.0,68.0,68.0,26.0,26.0,26.0,26.0,1,,26.0,26.0,26.0,26.0,26.0,2.0,2.0,2.0,2.0,1,,2.0,2.0,2.0,2.0,2.0,5.0,5.0,5.0,5.0,1,,5.0,5.0,5.0,5.0,5.0,0.0,0.0,0.0,0.0,1,,0.0,0.0,0.0,0.0,0.0,19.0,19.0,19.0,19.0,1,,19.0,19.0,19.0,19.0,19.0
India,Arunachal Pradesh,12,"Calendar Year (Jan - Dec), 2016",North East States,2160082.0,2160082.0,2160082.0,2160082.0,1,,2160082.0,2160082.0,2160082.0,2160082.0,2160082.0,3036579.0,3036579.0,3036579.0,3036579.0,1,,3036579.0,3036579.0,3036579.0,3036579.0,3036579.0,651168.0,651168.0,651168.0,651168.0,1,,651168.0,651168.0,651168.0,651168.0,651168.0,939709.0,939709.0,939709.0,939709.0,1,,939709.0,939709.0,939709.0,939709.0,939709.0,148954.0,148954.0,148954.0,148954.0,1,,148954.0,148954.0,148954.0,148954.0,148954.0,17400.0,17400.0,17400.0,17400.0,1,,17400.0,17400.0,17400.0,17400.0,17400.0,40625.0,40625.0,40625.0,40625.0,1,,40625.0,40625.0,40625.0,40625.0,40625.0,0.0,0.0,0.0,0.0,1,,0.0,0.0,0.0,0.0,0.0,77638.0,77638.0,77638.0,77638.0,1,,77638.0,77638.0,77638.0,77638.0,77638.0
India,Arunachal Pradesh,12,"Calendar Year (Jan - Dec), 2017",North East States,1858409.0,1858409.0,1858409.0,1858409.0,1,,1858409.0,1858409.0,1858409.0,1858409.0,1858409.0,4250714.0,4250714.0,4250714.0,4250714.0,1,,4250714.0,4250714.0,4250714.0,4250714.0,4250714.0,678015.0,678015.0,678015.0,678015.0,1,,678015.0,678015.0,678015.0,678015.0,678015.0,1223754.0,1223754.0,1223754.0,1223754.0,1,,1223754.0,1223754.0,1223754.0,1223754.0,1223754.0,1155003.0,1155003.0,1155003.0,1155003.0,1,,1155003.0,1155003.0,1155003.0,1155003.0,1155003.0,20653.0,20653.0,20653.0,20653.0,1,,20653.0,20653.0,20653.0,20653.0,20653.0,45086.0,45086.0,45086.0,45086.0,1,,45086.0,45086.0,45086.0,45086.0,45086.0,0.0,0.0,0.0,0.0,1,,0.0,0.0,0.0,0.0,0.0,120648.0,120648.0,120648.0,120648.0,1,,120648.0,120648.0,120648.0,120648.0,120648.0
India,Nagaland,13,"Calendar Year (Jan - Dec), 2015",North East States,202.0,202.0,202.0,202.0,1,,202.0,202.0,202.0,202.0,202.0,107.0,107.0,107.0,107.0,1,,107.0,107.0,107.0,107.0,107.0,5.0,5.0,5.0,5.0,1,,5.0,5.0,5.0,5.0,5.0,127.0,127.0,127.0,127.0,1,,127.0,127.0,127.0,127.0,127.0,0.0,0.0,0.0,0.0,1,,0.0,0.0,0.0,0.0,0.0,0.0,0.0,0.0,0.0,1,,0.0,0.0,0.0,0.0,0.0,0.0,0.0,0.0,0.0,1,,0.0,0.0,0.0,0.0,0.0,0.0,0.0,0.0,0.0,1,,0.0,0.0,0.0,0.0,0.0,24.0,24.0,24.0,24.0,1,,24.0,24.0,24.0,24.0,24.0
India,Nagaland,13,"Calendar Year (Jan - Dec), 2016",North East States,2422957.0,2422957.0,2422957.0,2422957.0,1,,2422957.0,2422957.0,2422957.0,2422957.0,2422957.0,1069033.0,1069033.0,1069033.0,1069033.0,1,,1069033.0,1069033.0,1069033.0,1069033.0,1069033.0,30464.0,30464.0,30464.0,30464.0,1,,30464.0,30464.0,30464.0,30464.0,30464.0,1175419.0,1175419.0,1175419.0,1175419.0,1,,1175419.0,1175419.0,1175419.0,1175419.0,1175419.0,0.0,0.0,0.0,0.0,1,,0.0,0.0,0.0,0.0,0.0,0.0,0.0,0.0,0.0,1,,0.0,0.0,0.0,0.0,0.0,243808.0,243808.0,243808.0,243808.0,1,,243808.0,243808.0,243808.0,243808.0,243808.0,0.0,0.0,0.0,0.0,1,,0.0,0.0,0.0,0.0,0.0,14398.0,14398.0,14398.0,14398.0,1,,14398.0,14398.0,14398.0,14398.0,14398.0
India,Nagaland,13,"Calendar Year (Jan - Dec), 2017",North East States,2553649.0,2553649.0,2553649.0,2553649.0,1,,2553649.0,2553649.0,2553649.0,2553649.0,2553649.0,1806445.0,1806445.0,1806445.0,1806445.0,1,,1806445.0,1806445.0,1806445.0,1806445.0,1806445.0,38402.0,38402.0,38402.0,38402.0,1,,38402.0,38402.0,38402.0,38402.0,38402.0,1407590.0,1407590.0,1407590.0,1407590.0,1,,1407590.0,1407590.0,1407590.0,1407590.0,1407590.0,0.0,0.0,0.0,0.0,1,,0.0,0.0,0.0,0.0,0.0,0.0,0.0,0.0,0.0,1,,0.0,0.0,0.0,0.0,0.0,264365.0,264365.0,264365.0,264365.0,1,,264365.0,264365.0,264365.0,264365.0,264365.0,0.0,0.0,0.0,0.0,1,,0.0,0.0,0.0,0.0,0.0,11182.0,11182.0,11182.0,11182.0,1,,11182.0,11182.0,11182.0,11182.0,11182.0
India,Manipur,14,"Calendar Year (Jan - Dec), 2015",North East States,,,,,0,,,,,,,,,,,0,,,,,,,,,,,0,,,,,,,,,,,0,,,,,,,,,,,0,,,,,,,,,,,0,,,,,,,,,,,0,,,,,,,,,,,0,,,,,,,,,,,0,,,,,,
India,Manipur,14,"Calendar Year (Jan - Dec), 2016",North East States,1151413.0,1151413.0,1151413.0,1151413.0,1,,1151413.0,1151413.0,1151413.0,1151413.0,1151413.0,1999546.0,1999546.0,1999546.0,1999546.0,1,,1999546.0,1999546.0,1999546.0,1999546.0,1999546.0,662864.0,662864.0,662864.0,662864.0,1,,662864.0,662864.0,662864.0,662864.0,662864.0,760725.0,760725.0,760725.0,760725.0,1,,760725.0,760725.0,760725.0,760725.0,760725.0,24224.0,24224.0,24224.0,24224.0,1,,24224.0,24224.0,24224.0,24224.0,24224.0,1915.0,1915.0,1915.0,1915.0,1,,1915.0,1915.0,1915.0,1915.0,1915.0,110801.0,110801.0,110801.0,110801.0,1,,110801.0,110801.0,110801.0,110801.0,110801.0,0.0,0.0,0.0,0.0,1,,0.0,0.0,0.0,0.0,0.0,80469.0,80469.0,80469.0,80469.0,1,,80469.0,80469.0,80469.0,80469.0,80469.0
India,Manipur,14,"Calendar Year (Jan - Dec), 2017",North East States,1078454.0,1078454.0,1078454.0,1078454.0,1,,1078454.0,1078454.0,1078454.0,1078454.0,1078454.0,3006291.0,3006291.0,3006291.0,3006291.0,1,,3006291.0,3006291.0,3006291.0,3006291.0,3006291.0,952408.0,952408.0,952408.0,952408.0,1,,952408.0,952408.0,952408.0,952408.0,952408.0,502760.0,502760.0,502760.0,502760.0,1,,502760.0,502760.0,502760.0,502760.0,502760.0,28278.0,28278.0,28278.0,28278.0,1,,28278.0,28278.0,28278.0,28278.0,28278.0,1879.0,1879.0,1879.0,1879.0,1,,1879.0,1879.0,1879.0,1879.0,1879.0,92801.0,92801.0,92801.0,92801.0,1,,92801.0,92801.0,92801.0,92801.0,92801.0,0.0,0.0,0.0,0.0,1,,0.0,0.0,0.0,0.0,0.0,139581.0,139581.0,139581.0,139581.0,1,,139581.0,139581.0,139581.0,139581.0,139581.0
India,Mizoram,15,"Calendar Year (Jan - Dec), 2015",North East States,106.0,106.0,106.0,106.0,1,,106.0,106.0,106.0,106.0,106.0,98.0,98.0,98.0,98.0,1,,98.0,98.0,98.0,98.0,98.0,3.0,3.0,3.0,3.0,1,,3.0,3.0,3.0,3.0,3.0,134.0,134.0,134.0,134.0,1,,134.0,134.0,134.0,134.0,134.0,6.0,6.0,6.0,6.0,1,,6.0,6.0,6.0,6.0,6.0,1.0,1.0,1.0,1.0,1,,1.0,1.0,1.0,1.0,1.0,26.0,26.0,26.0,26.0,1,,26.0,26.0,26.0,26.0,26.0,0.0,0.0,0.0,0.0,1,,0.0,0.0,0.0,0.0,0.0,5.0,5.0,5.0,5.0,1,,5.0,5.0,5.0,5.0,5.0
India,Mizoram,15,"Calendar Year (Jan - Dec), 2016",North East States,1515059.0,1515059.0,1515059.0,1515059.0,1,,1515059.0,1515059.0,1515059.0,1515059.0,1515059.0,986057.0,986057.0,986057.0,986057.0,1,,986057.0,986057.0,986057.0,986057.0,986057.0,13333.0,13333.0,13333.0,13333.0,1,,13333.0,13333.0,13333.0,13333.0,13333.0,1135830.0,1135830.0,1135830.0,1135830.0,1,,1135830.0,1135830.0,1135830.0,1135830.0,1135830.0,38766.0,38766.0,38766.0,38766.0,1,,38766.0,38766.0,38766.0,38766.0,38766.0,6917.0,6917.0,6917.0,6917.0,1,,6917.0,6917.0,6917.0,6917.0,6917.0,237852.0,237852.0,237852.0,237852.0,1,,237852.0,237852.0,237852.0,237852.0,237852.0,4577.0,4577.0,4577.0,4577.0,1,,4577.0,4577.0,4577.0,4577.0,4577.0,51627.0,51627.0,51627.0,51627.0,1,,51627.0,51627.0,51627.0,51627.0,51627.0
India,Mizoram,15,"Calendar Year (Jan - Dec), 2017",North East States,1648728.0,1648728.0,1648728.0,1648728.0,1,,1648728.0,1648728.0,1648728.0,1648728.0,1648728.0,1335649.0,1335649.0,1335649.0,1335649.0,1,,1335649.0,1335649.0,1335649.0,1335649.0,1335649.0,500826.0,500826.0,500826.0,500826.0,1,,500826.0,500826.0,500826.0,500826.0,500826.0,1486964.0,1486964.0,1486964.0,1486964.0,1,,1486964.0,1486964.0,1486964.0,1486964.0,1486964.0,227874.0,227874.0,227874.0,227874.0,1,,227874.0,227874.0,227874.0,227874.0,227874.0,8318.0,8318.0,8318.0,8318.0,1,,8318.0,8318.0,8318.0,8318.0,8318.0,274963.0,274963.0,274963.0,274963.0,1,,274963.0,274963.0,274963.0,274963.0,274963.0,5171.0,5171.0,5171.0,5171.0,1,,5171.0,5171.0,5171.0,5171.0,5171.0,50584.0,50584.0,50584.0,50584.0,1,,50584.0,50584.0,50584.0,50584.0,50584.0
India,Tripura,16,"Calendar Year (Jan - Dec), 2015",North East States,266.0,266.0,266.0,266.0,1,,266.0,266.0,266.0,266.0,266.0,102.0,102.0,102.0,102.0,1,,102.0,102.0,102.0,102.0,102.0,29.0,29.0,29.0,29.0,1,,29.0,29.0,29.0,29.0,29.0,45.0,45.0,45.0,45.0,1,,45.0,45.0,45.0,45.0,45.0,3.0,3.0,3.0,3.0,1,,3.0,3.0,3.0,3.0,3.0,0.0,0.0,0.0,0.0,1,,0.0,0.0,0.0,0.0,0.0,0.0,0.0,0.0,0.0,1,,0.0,0.0,0.0,0.0,0.0,35.0,35.0,35.0,35.0,1,,35.0,35.0,35.0,35.0,35.0,129.0,129.0,129.0,129.0,1,,129.0,129.0,129.0,129.0,129.0
India,Tripura,16,"Calendar Year (Jan - Dec), 2016",North East States,3208635.0,3208635.0,3208635.0,3208635.0,1,,3208635.0,3208635.0,3208635.0,3208635.0,3208635.0,1154301.0,1154301.0,1154301.0,1154301.0,1,,1154301.0,1154301.0,1154301.0,1154301.0,1154301.0,331581.0,331581.0,331581.0,331581.0,1,,331581.0,331581.0,331581.0,331581.0,331581.0,482008.0,482008.0,482008.0,482008.0,1,,482008.0,482008.0,482008.0,482008.0,482008.0,13381.0,13381.0,13381.0,13381.0,1,,13381.0,13381.0,13381.0,13381.0,13381.0,0.0,0.0,0.0,0.0,1,,0.0,0.0,0.0,0.0,0.0,0.0,0.0,0.0,0.0,1,,0.0,0.0,0.0,0.0,0.0,90560.0,90560.0,90560.0,90560.0,1,,90560.0,90560.0,90560.0,90560.0,90560.0,1621672.0,1621672.0,1621672.0,1621672.0,1,,1621672.0,1621672.0,1621672.0,1621672.0,1621672.0
India,Tripura,16,"Calendar Year (Jan - Dec), 2017",North East States,3752090.0,3752090.0,3752090.0,3752090.0,1,,3752090.0,3752090.0,3752090.0,3752090.0,3752090.0,1333073.0,1333073.0,1333073.0,1333073.0,1,,1333073.0,1333073.0,1333073.0,1333073.0,1333073.0,106512.0,106512.0,106512.0,106512.0,1,,106512.0,106512.0,106512.0,106512.0,106512.0,702119.0,702119.0,702119.0,702119.0,1,,702119.0,702119.0,702119.0,702119.0,702119.0,2559.0,2559.0,2559.0,2559.0,1,,2559.0,2559.0,2559.0,2559.0,2559.0,31000.0,31000.0,31000.0,31000.0,1,,31000.0,31000.0,31000.0,31000.0,31000.0,0.0,0.0,0.0,0.0,1,,0.0,0.0,0.0,0.0,0.0,324220.0,324220.0,324220.0,324220.0,1,,324220.0,324220.0,324220.0,324220.0,324220.0,1594934.0,1594934.0,1594934.0,1594934.0,1,,1594934.0,1594934.0,1594934.0,1594934.0,1594934.0
India,Meghalaya,17,"Calendar Year (Jan - Dec), 2015",North East States,234.0,234.0,234.0,234.0,1,,234.0,234.0,234.0,234.0,234.0,137.0,137.0,137.0,137.0,1,,137.0,137.0,137.0,137.0,137.0,4.0,4.0,4.0,4.0,1,,4.0,4.0,4.0,4.0,4.0,32.0,32.0,32.0,32.0,1,,32.0,32.0,32.0,32.0,32.0,155.0,155.0,155.0,155.0,1,,155.0,155.0,155.0,155.0,155.0,0.0,0.0,0.0,0.0,1,,0.0,0.0,0.0,0.0,0.0,27.0,27.0,27.0,27.0,1,,27.0,27.0,27.0,27.0,27.0,8.0,8.0,8.0,8.0,1,,8.0,8.0,8.0,8.0,8.0,8.0,8.0,8.0,8.0,1,,8.0,8.0,8.0,8.0,8.0
India,Meghalaya,17,"Calendar Year (Jan - Dec), 2016",North East States,2511152.0,2511152.0,2511152.0,2511152.0,1,,2511152.0,2511152.0,2511152.0,2511152.0,2511152.0,1450017.0,1450017.0,1450017.0,1450017.0,1,,1450017.0,1450017.0,1450017.0,1450017.0,1450017.0,52681.0,52681.0,52681.0,52681.0,1,,52681.0,52681.0,52681.0,52681.0,52681.0,340345.0,340345.0,340345.0,340345.0,1,,340345.0,340345.0,340345.0,340345.0,340345.0,2129125.0,2129125.0,2129125.0,2129125.0,1,,2129125.0,2129125.0,2129125.0,2129125.0,2129125.0,3550.0,3550.0,3550.0,3550.0,1,,3550.0,3550.0,3550.0,3550.0,3550.0,288816.0,288816.0,288816.0,288816.0,1,,288816.0,288816.0,288816.0,288816.0,288816.0,20193.0,20193.0,20193.0,20193.0,1,,20193.0,20193.0,20193.0,20193.0,20193.0,74778.0,74778.0,74778.0,74778.0,1,,74778.0,74778.0,74778.0,74778.0,74778.0
India,Meghalaya,17,"Calendar Year (Jan - Dec), 2017",North East States,5446772.0,5446772.0,5446772.0,5446772.0,1,,5446772.0,5446772.0,5446772.0,5446772.0,5446772.0,3446268.0,3446268.0,3446268.0,3446268.0,1,,3446268.0,3446268.0,3446268.0,3446268.0,3446268.0,116655.0,116655.0,116655.0,116655.0,1,,116655.0,116655.0,116655.0,116655.0,116655.0,1208907.0,1208907.0,1208907.0,1208907.0,1,,1208907.0,1208907.0,1208907.0,1208907.0,1208907.0,2934820.0,2934820.0,2934820.0,2934820.0,1,,2934820.0,2934820.0,2934820.0,2934820.0,2934820.0,7462.0,7462.0,7462.0,7462.0,1,,7462.0,7462.0,7462.0,7462.0,7462.0,684659.0,684659.0,684659.0,684659.0,1,,684659.0,684659.0,684659.0,684659.0,684659.0,37391.0,37391.0,37391.0,37391.0,1,,37391.0,37391.0,37391.0,37391.0,37391.0,166709.0,166709.0,166709.0,166709.0,1,,166709.0,166709.0,166709.0,166709.0,166709.0
India,Assam,18,"Calendar Year (Jan - Dec), 2015",EAG+1 States,292.0,292.0,292.0,292.0,1,,292.0,292.0,292.0,292.0,292.0,1727.0,1727.0,1727.0,1727.0,1,,1727.0,1727.0,1727.0,1727.0,1727.0,411.0,411.0,411.0,411.0,1,,411.0,411.0,411.0,411.0,411.0,180.0,180.0,180.0,180.0,1,,180.0,180.0,180.0,180.0,180.0,28.0,28.0,28.0,28.0,1,,28.0,28.0,28.0,28.0,28.0,3.0,3.0,3.0,3.0,1,,3.0,3.0,3.0,3.0,3.0,170.0,170.0,170.0,170.0,1,,170.0,170.0,170.0,170.0,170.0,14.0,14.0,14.0,14.0,1,,14.0,14.0,14.0,14.0,14.0,37.0,37.0,37.0,37.0,1,,37.0,37.0,37.0,37.0,37.0
India,Assam,18,"Calendar Year (Jan - Dec), 2016",EAG+1 States,3319106.0,3319106.0,3319106.0,3319106.0,1,,3319106.0,3319106.0,3319106.0,3319106.0,3319106.0,15941540.0,15941540.0,15941540.0,15941540.0,1,,15941540.0,15941540.0,15941540.0,15941540.0,15941540.0,8232115.0,8232115.0,8232115.0,8232115.0,1,,8232115.0,8232115.0,8232115.0,8232115.0,8232115.0,1770284.0,1770284.0,1770284.0,1770284.0,1,,1770284.0,1770284.0,1770284.0,1770284.0,1770284.0,124564.0,124564.0,124564.0,124564.0,1,,124564.0,124564.0,124564.0,124564.0,124564.0,30736.0,30736.0,30736.0,30736.0,1,,30736.0,30736.0,30736.0,30736.0,30736.0,1953073.0,1953073.0,1953073.0,1953073.0,1,,1953073.0,1953073.0,1953073.0,1953073.0,1953073.0,196515.0,196515.0,196515.0,196515.0,1,,196515.0,196515.0,196515.0,196515.0,196515.0,399837.0,399837.0,399837.0,399837.0,1,,399837.0,399837.0,399837.0,399837.0,399837.0
India,Assam,18,"Calendar Year (Jan - Dec), 2017",EAG+1 States,3535706.0,3535706.0,3535706.0,3535706.0,1,,3535706.0,3535706.0,3535706.0,3535706.0,3535706.0,29422825.0,29422825.0,29422825.0,29422825.0,1,,29422825.0,29422825.0,29422825.0,29422825.0,29422825.0,6468514.0,6468514.0,6468514.0,6468514.0,1,,6468514.0,6468514.0,6468514.0,6468514.0,6468514.0,1814153.0,1814153.0,1814153.0,1814153.0,1,,1814153.0,1814153.0,1814153.0,1814153.0,1814153.0,151860.0,151860.0,151860.0,151860.0,1,,151860.0,151860.0,151860.0,151860.0,151860.0,48968.0,48968.0,48968.0,48968.0,1,,48968.0,48968.0,48968.0,48968.0,48968.0,2374524.0,2374524.0,2374524.0,2374524.0,1,,2374524.0,2374524.0,2374524.0,2374524.0,2374524.0,162788.0,162788.0,162788.0,162788.0,1,,162788.0,162788.0,162788.0,162788.0,162788.0,437621.0,437621.0,437621.0,437621.0,1,,437621.0,437621.0,437621.0,437621.0,437621.0
India,West Bengal,19,"Calendar Year (Jan - Dec), 2015",Major (Non EAG States),3910.0,3910.0,3910.0,3910.0,1,,3910.0,3910.0,3910.0,3910.0,3910.0,2429.0,2429.0,2429.0,2429.0,1,,2429.0,2429.0,2429.0,2429.0,2429.0,610.0,610.0,610.0,610.0,1,,610.0,610.0,610.0,610.0,610.0,288.0,288.0,288.0,288.0,1,,288.0,288.0,288.0,288.0,288.0,-2.0,-2.0,-2.0,-2.0,1,,-2.0,-2.0,-2.0,-2.0,-2.0,0.0,0.0,0.0,0.0,1,,0.0,0.0,0.0,0.0,0.0,177.0,177.0,177.0,177.0,1,,177.0,177.0,177.0,177.0,177.0,0.0,0.0,0.0,0.0,1,,0.0,0.0,0.0,0.0,0.0,447.0,447.0,447.0,447.0,1,,447.0,447.0,447.0,447.0,447.0
India,West Bengal,19,"Calendar Year (Jan - Dec), 2016",Major (Non EAG States),35212844.0,35212844.0,35212844.0,35212844.0,1,,35212844.0,35212844.0,35212844.0,35212844.0,35212844.0,25014709.0,25014709.0,25014709.0,25014709.0,1,,25014709.0,25014709.0,25014709.0,25014709.0,25014709.0,8071542.0,8071542.0,8071542.0,8071542.0,1,,8071542.0,8071542.0,8071542.0,8071542.0,8071542.0,7549897.0,7549897.0,7549897.0,7549897.0,1,,7549897.0,7549897.0,7549897.0,7549897.0,7549897.0,117851.0,117851.0,117851.0,117851.0,1,,117851.0,117851.0,117851.0,117851.0,117851.0,0.0,0.0,0.0,0.0,1,,0.0,0.0,0.0,0.0,0.0,1723279.0,1723279.0,1723279.0,1723279.0,1,,1723279.0,1723279.0,1723279.0,1723279.0,1723279.0,0.0,0.0,0.0,0.0,1,,0.0,0.0,0.0,0.0,0.0,4933225.0,4933225.0,4933225.0,4933225.0,1,,4933225.0,4933225.0,4933225.0,4933225.0,4933225.0
India,West Bengal,19,"Calendar Year (Jan - Dec), 2017",Major (Non EAG States),36418882.0,36418882.0,36418882.0,36418882.0,1,,36418882.0,36418882.0,36418882.0,36418882.0,36418882.0,30477621.0,30477621.0,30477621.0,30477621.0,1,,30477621.0,30477621.0,30477621.0,30477621.0,30477621.0,8332096.0,8332096.0,8332096.0,8332096.0,1,,8332096.0,8332096.0,8332096.0,8332096.0,8332096.0,6390413.0,6390413.0,6390413.0,6390413.0,1,,6390413.0,6390413.0,6390413.0,6390413.0,6390413.0,-268823.0,-268823.0,-268823.0,-268823.0,1,,-268823.0,-268823.0,-268823.0,-268823.0,-268823.0,0.0,0.0,0.0,0.0,1,,0.0,0.0,0.0,0.0,0.0,2046100.0,2046100.0,2046100.0,2046100.0,1,,2046100.0,2046100.0,2046100.0,2046100.0,2046100.0,0.0,0.0,0.0,0.0,1,,0.0,0.0,0.0,0.0,0.0,5162254.0,5162254.0,5162254.0,5162254.0,1,,5162254.0,5162254.0,5162254.0,5162254.0,5162254.0
India,Jharkhand,20,"Calendar Year (Jan - Dec), 2015",EAG+1 States,1466.0,1466.0,1466.0,1466.0,1,,1466.0,1466.0,1466.0,1466.0,1466.0,329.0,329.0,329.0,329.0,1,,329.0,329.0,329.0,329.0,329.0,202.0,202.0,202.0,202.0,1,,202.0,202.0,202.0,202.0,202.0,101.0,101.0,101.0,101.0,1,,101.0,101.0,101.0,101.0,101.0,0.0,0.0,0.0,0.0,1,,0.0,0.0,0.0,0.0,0.0,1.0,1.0,1.0,1.0,1,,1.0,1.0,1.0,1.0,1.0,60.0,60.0,60.0,60.0,1,,60.0,60.0,60.0,60.0,60.0,3.0,3.0,3.0,3.0,1,,3.0,3.0,3.0,3.0,3.0,12.0,12.0,12.0,12.0,1,,12.0,12.0,12.0,12.0,12.0
India,Jharkhand,20,"Calendar Year (Jan - Dec), 2016",EAG+1 States,15532089.0,15532089.0,15532089.0,15532089.0,1,,15532089.0,15532089.0,15532089.0,15532089.0,15532089.0,3632608.0,3632608.0,3632608.0,3632608.0,1,,3632608.0,3632608.0,3632608.0,3632608.0,3632608.0,3745400.0,3745400.0,3745400.0,3745400.0,1,,3745400.0,3745400.0,3745400.0,3745400.0,3745400.0,989425.0,989425.0,989425.0,989425.0,1,,989425.0,989425.0,989425.0,989425.0,989425.0,0.0,0.0,0.0,0.0,1,,0.0,0.0,0.0,0.0,0.0,31354.0,31354.0,31354.0,31354.0,1,,31354.0,31354.0,31354.0,31354.0,31354.0,695601.0,695601.0,695601.0,695601.0,1,,695601.0,695601.0,695601.0,695601.0,695601.0,17323.0,17323.0,17323.0,17323.0,1,,17323.0,17323.0,17323.0,17323.0,17323.0,148574.0,148574.0,148574.0,148574.0,1,,148574.0,148574.0,148574.0,148574.0,148574.0
India,Jharkhand,20,"Calendar Year (Jan - Dec), 2017",EAG+1 States,16113661.0,16113661.0,16113661.0,16113661.0,1,,16113661.0,16113661.0,16113661.0,16113661.0,16113661.0,4013771.0,4013771.0,4013771.0,4013771.0,1,,4013771.0,4013771.0,4013771.0,4013771.0,4013771.0,6224672.0,6224672.0,6224672.0,6224672.0,1,,6224672.0,6224672.0,6224672.0,6224672.0,6224672.0,1171500.0,1171500.0,1171500.0,1171500.0,1,,1171500.0,1171500.0,1171500.0,1171500.0,1171500.0,0.0,0.0,0.0,0.0,1,,0.0,0.0,0.0,0.0,0.0,22496.0,22496.0,22496.0,22496.0,1,,22496.0,22496.0,22496.0,22496.0,22496.0,734985.0,734985.0,734985.0,734985.0,1,,734985.0,734985.0,734985.0,734985.0,734985.0,0.0,0.0,0.0,0.0,1,,0.0,0.0,0.0,0.0,0.0,147969.0,147969.0,147969.0,147969.0,1,,147969.0,147969.0,147969.0,147969.0,147969.0
India,Odisha,21,"Calendar Year (Jan - Dec), 2015",EAG+1 States,1388.0,1388.0,1388.0,1388.0,1,,1388.0,1388.0,1388.0,1388.0,1388.0,1489.0,1489.0,1489.0,1489.0,1,,1489.0,1489.0,1489.0,1489.0,1489.0,358.0,358.0,358.0,358.0,1,,358.0,358.0,358.0,358.0,358.0,268.0,268.0,268.0,268.0,1,,268.0,268.0,268.0,268.0,268.0,10.0,10.0,10.0,10.0,1,,10.0,10.0,10.0,10.0,10.0,8.0,8.0,8.0,8.0,1,,8.0,8.0,8.0,8.0,8.0,89.0,89.0,89.0,89.0,1,,89.0,89.0,89.0,89.0,89.0,0.0,0.0,0.0,0.0,1,,0.0,0.0,0.0,0.0,0.0,69.0,69.0,69.0,69.0,1,,69.0,69.0,69.0,69.0,69.0
India,Odisha,21,"Calendar Year (Jan - Dec), 2016",EAG+1 States,12582116.0,12582116.0,12582116.0,12582116.0,1,,12582116.0,12582116.0,12582116.0,12582116.0,12582116.0,21880292.0,21880292.0,21880292.0,21880292.0,1,,21880292.0,21880292.0,21880292.0,21880292.0,21880292.0,6994382.0,6994382.0,6994382.0,6994382.0,1,,6994382.0,6994382.0,6994382.0,6994382.0,6994382.0,2476690.0,2476690.0,2476690.0,2476690.0,1,,2476690.0,2476690.0,2476690.0,2476690.0,2476690.0,103100.0,103100.0,103100.0,103100.0,1,,103100.0,103100.0,103100.0,103100.0,103100.0,98267.0,98267.0,98267.0,98267.0,1,,98267.0,98267.0,98267.0,98267.0,98267.0,1776786.0,1776786.0,1776786.0,1776786.0,1,,1776786.0,1776786.0,1776786.0,1776786.0,1776786.0,0.0,0.0,0.0,0.0,1,,0.0,0.0,0.0,0.0,0.0,1380857.0,1380857.0,1380857.0,1380857.0,1,,1380857.0,1380857.0,1380857.0,1380857.0,1380857.0
India,Odisha,21,"Calendar Year (Jan - Dec), 2017",EAG+1 States,13890281.0,13890281.0,13890281.0,13890281.0,1,,13890281.0,13890281.0,13890281.0,13890281.0,13890281.0,24282275.0,24282275.0,24282275.0,24282275.0,1,,24282275.0,24282275.0,24282275.0,24282275.0,24282275.0,4416887.0,4416887.0,4416887.0,4416887.0,1,,4416887.0,4416887.0,4416887.0,4416887.0,4416887.0,3037524.0,3037524.0,3037524.0,3037524.0,1,,3037524.0,3037524.0,3037524.0,3037524.0,3037524.0,169280.0,169280.0,169280.0,169280.0,1,,169280.0,169280.0,169280.0,169280.0,169280.0,109840.0,109840.0,109840.0,109840.0,1,,109840.0,109840.0,109840.0,109840.0,109840.0,1922092.0,1922092.0,1922092.0,1922092.0,1,,1922092.0,1922092.0,1922092.0,1922092.0,1922092.0,0.0,0.0,0.0,0.0,1,,0.0,0.0,0.0,0.0,0.0,1442909.0,1442909.0,1442909.0,1442909.0,1,,1442909.0,1442909.0,1442909.0,1442909.0,1442909.0
India,Chhattisgarh,22,"Calendar Year (Jan - Dec), 2015",EAG+1 States,743.0,743.0,743.0,743.0,1,,743.0,743.0,743.0,743.0,743.0,1465.0,1465.0,1465.0,1465.0,1,,1465.0,1465.0,1465.0,1465.0,1465.0,167.0,167.0,167.0,167.0,1,,167.0,167.0,167.0,167.0,167.0,146.0,146.0,146.0,146.0,1,,146.0,146.0,146.0,146.0,146.0,7.0,7.0,7.0,7.0,1,,7.0,7.0,7.0,7.0,7.0,2.0,2.0,2.0,2.0,1,,2.0,2.0,2.0,2.0,2.0,162.0,162.0,162.0,162.0,1,,162.0,162.0,162.0,162.0,162.0,0.0,0.0,0.0,0.0,1,,0.0,0.0,0.0,0.0,0.0,17.0,17.0,17.0,17.0,1,,17.0,17.0,17.0,17.0,17.0
India,Chhattisgarh,22,"Calendar Year (Jan - Dec), 2016",EAG+1 States,9220709.0,9220709.0,9220709.0,9220709.0,1,,9220709.0,9220709.0,9220709.0,9220709.0,9220709.0,17877398.0,17877398.0,17877398.0,17877398.0,1,,17877398.0,17877398.0,17877398.0,17877398.0,17877398.0,2108148.0,2108148.0,2108148.0,2108148.0,1,,2108148.0,2108148.0,2108148.0,2108148.0,2108148.0,1712961.0,1712961.0,1712961.0,1712961.0,1,,1712961.0,1712961.0,1712961.0,1712961.0,1712961.0,19089.0,19089.0,19089.0,19089.0,1,,19089.0,19089.0,19089.0,19089.0,19089.0,27508.0,27508.0,27508.0,27508.0,1,,27508.0,27508.0,27508.0,27508.0,27508.0,1780999.0,1780999.0,1780999.0,1780999.0,1,,1780999.0,1780999.0,1780999.0,1780999.0,1780999.0,0.0,0.0,0.0,0.0,1,,0.0,0.0,0.0,0.0,0.0,175865.0,175865.0,175865.0,175865.0,1,,175865.0,175865.0,175865.0,175865.0,175865.0
India,Chhattisgarh,22,"Calendar Year (Jan - Dec), 2017",EAG+1 States,12057941.0,12057941.0,12057941.0,12057941.0,1,,12057941.0,12057941.0,12057941.0,12057941.0,12057941.0,21522930.0,21522930.0,21522930.0,21522930.0,1,,21522930.0,21522930.0,21522930.0,21522930.0,21522930.0,2292549.0,2292549.0,2292549.0,2292549.0,1,,2292549.0,2292549.0,2292549.0,2292549.0,2292549.0,1891946.0,1891946.0,1891946.0,1891946.0,1,,1891946.0,1891946.0,1891946.0,1891946.0,1891946.0,11529.0,11529.0,11529.0,11529.0,1,,11529.0,11529.0,11529.0,11529.0,11529.0,29900.0,29900.0,29900.0,29900.0,1,,29900.0,29900.0,29900.0,29900.0,29900.0,2073687.0,2073687.0,2073687.0,2073687.0,1,,2073687.0,2073687.0,2073687.0,2073687.0,2073687.0,0.0,0.0,0.0,0.0,1,,0.0,0.0,0.0,0.0,0.0,198440.0,198440.0,198440.0,198440.0,1,,198440.0,198440.0,198440.0,198440.0,198440.0
India,Madhya Pradesh,23,"Calendar Year (Jan - Dec), 2015",EAG+1 States,3440.0,3440.0,3440.0,3440.0,1,,3440.0,3440.0,3440.0,3440.0,3440.0,871.0,871.0,871.0,871.0,1,,871.0,871.0,871.0,871.0,871.0,289.0,289.0,289.0,289.0,1,,289.0,289.0,289.0,289.0,289.0,398.0,398.0,398.0,398.0,1,,398.0,398.0,398.0,398.0,398.0,74.0,74.0,74.0,74.0,1,,74.0,74.0,74.0,74.0,74.0,17.0,17.0,17.0,17.0,1,,17.0,17.0,17.0,17.0,17.0,0.0,0.0,0.0,0.0,1,,0.0,0.0,0.0,0.0,0.0,0.0,0.0,0.0,0.0,1,,0.0,0.0,0.0,0.0,0.0,364.0,364.0,364.0,364.0,1,,364.0,364.0,364.0,364.0,364.0
India,Madhya Pradesh,23,"Calendar Year (Jan - Dec), 2016",EAG+1 States,37050443.0,37050443.0,37050443.0,37050443.0,1,,37050443.0,37050443.0,37050443.0,37050443.0,37050443.0,11423048.0,11423048.0,11423048.0,11423048.0,1,,11423048.0,11423048.0,11423048.0,11423048.0,11423048.0,3624441.0,3624441.0,3624441.0,3624441.0,1,,3624441.0,3624441.0,3624441.0,3624441.0,3624441.0,3199382.0,3199382.0,3199382.0,3199382.0,1,,3199382.0,3199382.0,3199382.0,3199382.0,3199382.0,377010.0,377010.0,377010.0,377010.0,1,,377010.0,377010.0,377010.0,377010.0,377010.0,159620.0,159620.0,159620.0,159620.0,1,,159620.0,159620.0,159620.0,159620.0,159620.0,0.0,0.0,0.0,0.0,1,,0.0,0.0,0.0,0.0,0.0,0.0,0.0,0.0,0.0,1,,0.0,0.0,0.0,0.0,0.0,3568708.0,3568708.0,3568708.0,3568708.0,1,,3568708.0,3568708.0,3568708.0,3568708.0,3568708.0
India,Madhya Pradesh,23,"Calendar Year (Jan - Dec), 2017",EAG+1 States,44810635.0,44810635.0,44810635.0,44810635.0,1,,44810635.0,44810635.0,44810635.0,44810635.0,44810635.0,17686387.0,17686387.0,17686387.0,17686387.0,1,,17686387.0,17686387.0,17686387.0,17686387.0,17686387.0,4088536.0,4088536.0,4088536.0,4088536.0,1,,4088536.0,4088536.0,4088536.0,4088536.0,4088536.0,3621223.0,3621223.0,3621223.0,3621223.0,1,,3621223.0,3621223.0,3621223.0,3621223.0,3621223.0,248650.0,248650.0,248650.0,248650.0,1,,248650.0,248650.0,248650.0,248650.0,248650.0,194096.0,194096.0,194096.0,194096.0,1,,194096.0,194096.0,194096.0,194096.0,194096.0,0.0,0.0,0.0,0.0,1,,0.0,0.0,0.0,0.0,0.0,0.0,0.0,0.0,0.0,1,,0.0,0.0,0.0,0.0,0.0,3837960.0,3837960.0,3837960.0,3837960.0,1,,3837960.0,3837960.0,3837960.0,3837960.0,3837960.0
India,Gujarat,24,"Calendar Year (Jan - Dec), 2015",Major (Non EAG States),3034.0,3034.0,3034.0,3034.0,1,,3034.0,3034.0,3034.0,3034.0,3034.0,1213.0,1213.0,1213.0,1213.0,1,,1213.0,1213.0,1213.0,1213.0,1213.0,522.0,522.0,522.0,522.0,1,,522.0,522.0,522.0,522.0,522.0,1466.0,1466.0,1466.0,1466.0,1,,1466.0,1466.0,1466.0,1466.0,1466.0,35.0,35.0,35.0,35.0,1,,35.0,35.0,35.0,35.0,35.0,108.0,108.0,108.0,108.0,1,,108.0,108.0,108.0,108.0,108.0,253.0,253.0,253.0,253.0,1,,253.0,253.0,253.0,253.0,253.0,324.0,324.0,324.0,324.0,1,,324.0,324.0,324.0,324.0,324.0,170.0,170.0,170.0,170.0,1,,170.0,170.0,170.0,170.0,170.0
India,Gujarat,24,"Calendar Year (Jan - Dec), 2016",Major (Non EAG States),32826254.0,32826254.0,32826254.0,32826254.0,1,,32826254.0,32826254.0,32826254.0,32826254.0,32826254.0,12306523.0,12306523.0,12306523.0,12306523.0,1,,12306523.0,12306523.0,12306523.0,12306523.0,12306523.0,6328431.0,6328431.0,6328431.0,6328431.0,1,,6328431.0,6328431.0,6328431.0,6328431.0,6328431.0,14764759.0,14764759.0,14764759.0,14764759.0,1,,14764759.0,14764759.0,14764759.0,14764759.0,14764759.0,251269.0,251269.0,251269.0,251269.0,1,,251269.0,251269.0,251269.0,251269.0,251269.0,899834.0,899834.0,899834.0,899834.0,1,,899834.0,899834.0,899834.0,899834.0,899834.0,1830620.0,1830620.0,1830620.0,1830620.0,1,,1830620.0,1830620.0,1830620.0,1830620.0,1830620.0,5446724.0,5446724.0,5446724.0,5446724.0,1,,5446724.0,5446724.0,5446724.0,5446724.0,5446724.0,2340885.0,2340885.0,2340885.0,2340885.0,1,,2340885.0,2340885.0,2340885.0,2340885.0,2340885.0
India,Gujarat,24,"Calendar Year (Jan - Dec), 2017",Major (Non EAG States),38251137.0,38251137.0,38251137.0,38251137.0,1,,38251137.0,38251137.0,38251137.0,38251137.0,38251137.0,10817492.0,10817492.0,10817492.0,10817492.0,1,,10817492.0,10817492.0,10817492.0,10817492.0,10817492.0,6937883.0,6937883.0,6937883.0,6937883.0,1,,6937883.0,6937883.0,6937883.0,6937883.0,6937883.0,14850039.0,14850039.0,14850039.0,14850039.0,1,,14850039.0,14850039.0,14850039.0,14850039.0,14850039.0,167818.0,167818.0,167818.0,167818.0,1,,167818.0,167818.0,167818.0,167818.0,167818.0,2013519.0,2013519.0,2013519.0,2013519.0,1,,2013519.0,2013519.0,2013519.0,2013519.0,2013519.0,2710944.0,2710944.0,2710944.0,2710944.0,1,,2710944.0,2710944.0,2710944.0,2710944.0,2710944.0,6495081.0,6495081.0,6495081.0,6495081.0,1,,6495081.0,6495081.0,6495081.0,6495081.0,6495081.0,2911477.0,2911477.0,2911477.0,2911477.0,1,,2911477.0,2911477.0,2911477.0,2911477.0,2911477.0
India,Maharashtra,27,"Calendar Year (Jan - Dec), 2015",Major (Non EAG States),3418.0,3418.0,3418.0,3418.0,1,,3418.0,3418.0,3418.0,3418.0,3418.0,558.0,558.0,558.0,558.0,1,,558.0,558.0,558.0,558.0,558.0,813.0,813.0,813.0,813.0,1,,813.0,813.0,813.0,813.0,813.0,4567.0,4567.0,4567.0,4567.0,1,,4567.0,4567.0,4567.0,4567.0,4567.0,7.0,7.0,7.0,7.0,1,,7.0,7.0,7.0,7.0,7.0,17.0,17.0,17.0,17.0,1,,17.0,17.0,17.0,17.0,17.0,472.0,472.0,472.0,472.0,1,,472.0,472.0,472.0,472.0,472.0,65.0,65.0,65.0,65.0,1,,65.0,65.0,65.0,65.0,65.0,92.0,92.0,92.0,92.0,1,,92.0,92.0,92.0,92.0,92.0
India,Maharashtra,27,"Calendar Year (Jan - Dec), 2016",Major (Non EAG States),36271242.0,36271242.0,36271242.0,36271242.0,1,,36271242.0,36271242.0,36271242.0,36271242.0,36271242.0,5603558.0,5603558.0,5603558.0,5603558.0,1,,5603558.0,5603558.0,5603558.0,5603558.0,5603558.0,9138832.0,9138832.0,9138832.0,9138832.0,1,,9138832.0,9138832.0,9138832.0,9138832.0,9138832.0,49337851.0,49337851.0,49337851.0,49337851.0,1,,49337851.0,49337851.0,49337851.0,49337851.0,49337851.0,36123.0,36123.0,36123.0,36123.0,1,,36123.0,36123.0,36123.0,36123.0,36123.0,138044.0,138044.0,138044.0,138044.0,1,,138044.0,138044.0,138044.0,138044.0,138044.0,4938487.0,4938487.0,4938487.0,4938487.0,1,,4938487.0,4938487.0,4938487.0,4938487.0,4938487.0,673622.0,673622.0,673622.0,673622.0,1,,673622.0,673622.0,673622.0,673622.0,673622.0,1100317.0,1100317.0,1100317.0,1100317.0,1,,1100317.0,1100317.0,1100317.0,1100317.0,1100317.0
India,Maharashtra,27,"Calendar Year (Jan - Dec), 2017",Major (Non EAG States),43399175.0,43399175.0,43399175.0,43399175.0,1,,43399175.0,43399175.0,43399175.0,43399175.0,43399175.0,6445365.0,6445365.0,6445365.0,6445365.0,1,,6445365.0,6445365.0,6445365.0,6445365.0,6445365.0,9419183.0,9419183.0,9419183.0,9419183.0,1,,9419183.0,9419183.0,9419183.0,9419183.0,9419183.0,53957887.0,53957887.0,53957887.0,53957887.0,1,,53957887.0,53957887.0,53957887.0,53957887.0,53957887.0,299660.0,299660.0,299660.0,299660.0,1,,299660.0,299660.0,299660.0,299660.0,299660.0,128609.0,128609.0,128609.0,128609.0,1,,128609.0,128609.0,128609.0,128609.0,128609.0,5004558.0,5004558.0,5004558.0,5004558.0,1,,5004558.0,5004558.0,5004558.0,5004558.0,5004558.0,1710945.0,1710945.0,1710945.0,1710945.0,1,,1710945.0,1710945.0,1710945.0,1710945.0,1710945.0,1380347.0,1380347.0,1380347.0,1380347.0,1,,1380347.0,1380347.0,1380347.0,1380347.0,1380347.0
India,Andhra Pradesh,28,"Calendar Year (Jan - Dec), 2015",Major (Non EAG States),2007.0,2007.0,2007.0,2007.0,1,,2007.0,2007.0,2007.0,2007.0,2007.0,888.0,888.0,888.0,888.0,1,,888.0,888.0,888.0,888.0,888.0,373.0,373.0,373.0,373.0,1,,373.0,373.0,373.0,373.0,373.0,343.0,343.0,343.0,343.0,1,,343.0,343.0,343.0,343.0,343.0,243.0,243.0,243.0,243.0,1,,243.0,243.0,243.0,243.0,243.0,0.0,0.0,0.0,0.0,1,,0.0,0.0,0.0,0.0,0.0,175.0,175.0,175.0,175.0,1,,175.0,175.0,175.0,175.0,175.0,48.0,48.0,48.0,48.0,1,,48.0,48.0,48.0,48.0,48.0,1131.0,1131.0,1131.0,1131.0,1,,1131.0,1131.0,1131.0,1131.0,1131.0
India,Andhra Pradesh,28,"Calendar Year (Jan - Dec), 2016",Major (Non EAG States),29512718.0,29512718.0,29512718.0,29512718.0,1,,29512718.0,29512718.0,29512718.0,29512718.0,29512718.0,9568798.0,9568798.0,9568798.0,9568798.0,1,,9568798.0,9568798.0,9568798.0,9568798.0,9568798.0,4676291.0,4676291.0,4676291.0,4676291.0,1,,4676291.0,4676291.0,4676291.0,4676291.0,4676291.0,4459904.0,4459904.0,4459904.0,4459904.0,1,,4459904.0,4459904.0,4459904.0,4459904.0,4459904.0,2661320.0,2661320.0,2661320.0,2661320.0,1,,2661320.0,2661320.0,2661320.0,2661320.0,2661320.0,0.0,0.0,0.0,0.0,1,,0.0,0.0,0.0,0.0,0.0,2163170.0,2163170.0,2163170.0,2163170.0,1,,2163170.0,2163170.0,2163170.0,2163170.0,2163170.0,863804.0,863804.0,863804.0,863804.0,1,,863804.0,863804.0,863804.0,863804.0,863804.0,10471315.0,10471315.0,10471315.0,10471315.0,1,,10471315.0,10471315.0,10471315.0,10471315.0,10471315.0
India,Andhra Pradesh,28,"Calendar Year (Jan - Dec), 2017",Major (Non EAG States),25855013.0,25855013.0,25855013.0,25855013.0,1,,25855013.0,25855013.0,25855013.0,25855013.0,25855013.0,8586905.0,8586905.0,8586905.0,8586905.0,1,,8586905.0,8586905.0,8586905.0,8586905.0,8586905.0,5099904.0,5099904.0,5099904.0,5099904.0,1,,5099904.0,5099904.0,5099904.0,5099904.0,5099904.0,4306682.0,4306682.0,4306682.0,4306682.0,1,,4306682.0,4306682.0,4306682.0,4306682.0,4306682.0,2661869.0,2661869.0,2661869.0,2661869.0,1,,2661869.0,2661869.0,2661869.0,2661869.0,2661869.0,0.0,0.0,0.0,0.0,1,,0.0,0.0,0.0,0.0,0.0,2258592.0,2258592.0,2258592.0,2258592.0,1,,2258592.0,2258592.0,2258592.0,2258592.0,2258592.0,1284854.0,1284854.0,1284854.0,1284854.0,1,,1284854.0,1284854.0,1284854.0,1284854.0,1284854.0,13831358.0,13831358.0,13831358.0,13831358.0,1,,13831358.0,13831358.0,13831358.0,13831358.0,13831358.0
India,Karnataka,29,"Calendar Year (Jan - Dec), 2015",Major (Non EAG States),1433.0,1433.0,1433.0,1433.0,1,,1433.0,1433.0,1433.0,1433.0,1433.0,1204.0,1204.0,1204.0,1204.0,1,,1204.0,1204.0,1204.0,1204.0,1204.0,1160.0,1160.0,1160.0,1160.0,1,,1160.0,1160.0,1160.0,1160.0,1160.0,455.0,455.0,455.0,455.0,1,,455.0,455.0,455.0,455.0,455.0,941.0,941.0,941.0,941.0,1,,941.0,941.0,941.0,941.0,941.0,14.0,14.0,14.0,14.0,1,,14.0,14.0,14.0,14.0,14.0,0.0,0.0,0.0,0.0,1,,0.0,0.0,0.0,0.0,0.0,64.0,64.0,64.0,64.0,1,,64.0,64.0,64.0,64.0,64.0,559.0,559.0,559.0,559.0,1,,559.0,559.0,559.0,559.0,559.0
India,Karnataka,29,"Calendar Year (Jan - Dec), 2016",Major (Non EAG States),15666910.0,15666910.0,15666910.0,15666910.0,1,,15666910.0,15666910.0,15666910.0,15666910.0,15666910.0,14799016.0,14799016.0,14799016.0,14799016.0,1,,14799016.0,14799016.0,14799016.0,14799016.0,14799016.0,13157981.0,13157981.0,13157981.0,13157981.0,1,,13157981.0,13157981.0,13157981.0,13157981.0,13157981.0,3985867.0,3985867.0,3985867.0,3985867.0,1,,3985867.0,3985867.0,3985867.0,3985867.0,3985867.0,14933941.0,14933941.0,14933941.0,14933941.0,1,,14933941.0,14933941.0,14933941.0,14933941.0,14933941.0,115750.0,115750.0,115750.0,115750.0,1,,115750.0,115750.0,115750.0,115750.0,115750.0,0.0,0.0,0.0,0.0,1,,0.0,0.0,0.0,0.0,0.0,776031.0,776031.0,776031.0,776031.0,1,,776031.0,776031.0,776031.0,776031.0,776031.0,5393310.0,5393310.0,5393310.0,5393310.0,1,,5393310.0,5393310.0,5393310.0,5393310.0,5393310.0
India,Karnataka,29,"Calendar Year (Jan - Dec), 2017",Major (Non EAG States),18473012.0,18473012.0,18473012.0,18473012.0,1,,18473012.0,18473012.0,18473012.0,18473012.0,18473012.0,20433185.0,20433185.0,20433185.0,20433185.0,1,,20433185.0,20433185.0,20433185.0,20433185.0,20433185.0,14420939.0,14420939.0,14420939.0,14420939.0,1,,14420939.0,14420939.0,14420939.0,14420939.0,14420939.0,3427501.0,3427501.0,3427501.0,3427501.0,1,,3427501.0,3427501.0,3427501.0,3427501.0,3427501.0,18109364.0,18109364.0,18109364.0,18109364.0,1,,18109364.0,18109364.0,18109364.0,18109364.0,18109364.0,121026.0,121026.0,121026.0,121026.0,1,,121026.0,121026.0,121026.0,121026.0,121026.0,0.0,0.0,0.0,0.0,1,,0.0,0.0,0.0,0.0,0.0,1311350.0,1311350.0,1311350.0,1311350.0,1,,1311350.0,1311350.0,1311350.0,1311350.0,1311350.0,4873018.0,4873018.0,4873018.0,4873018.0,1,,4873018.0,4873018.0,4873018.0,4873018.0,4873018.0
India,Goa,30,"Calendar Year (Jan - Dec), 2015",Major (Non EAG States),289.0,289.0,289.0,289.0,1,,289.0,289.0,289.0,289.0,289.0,103.0,103.0,103.0,103.0,1,,103.0,103.0,103.0,103.0,103.0,88.0,88.0,88.0,88.0,1,,88.0,88.0,88.0,88.0,88.0,50.0,50.0,50.0,50.0,1,,50.0,50.0,50.0,50.0,50.0,31.0,31.0,31.0,31.0,1,,31.0,31.0,31.0,31.0,31.0,0.0,0.0,0.0,0.0,1,,0.0,0.0,0.0,0.0,0.0,10.0,10.0,10.0,10.0,1,,10.0,10.0,10.0,10.0,10.0,0.0,0.0,0.0,0.0,1,,0.0,0.0,0.0,0.0,0.0,2.0,2.0,2.0,2.0,1,,2.0,2.0,2.0,2.0,2.0
India,Goa,30,"Calendar Year (Jan - Dec), 2016",Major (Non EAG States),3471770.0,3471770.0,3471770.0,3471770.0,1,,3471770.0,3471770.0,3471770.0,3471770.0,3471770.0,1028505.0,1028505.0,1028505.0,1028505.0,1,,1028505.0,1028505.0,1028505.0,1028505.0,1028505.0,967164.0,967164.0,967164.0,967164.0,1,,967164.0,967164.0,967164.0,967164.0,967164.0,368072.0,368072.0,368072.0,368072.0,1,,368072.0,368072.0,368072.0,368072.0,368072.0,736357.0,736357.0,736357.0,736357.0,1,,736357.0,736357.0,736357.0,736357.0,736357.0,0.0,0.0,0.0,0.0,1,,0.0,0.0,0.0,0.0,0.0,103838.0,103838.0,103838.0,103838.0,1,,103838.0,103838.0,103838.0,103838.0,103838.0,0.0,0.0,0.0,0.0,1,,0.0,0.0,0.0,0.0,0.0,22338.0,22338.0,22338.0,22338.0,1,,22338.0,22338.0,22338.0,22338.0,22338.0
India,Goa,30,"Calendar Year (Jan - Dec), 2017",Major (Non EAG States),4616274.0,4616274.0,4616274.0,4616274.0,1,,4616274.0,4616274.0,4616274.0,4616274.0,4616274.0,1575767.0,1575767.0,1575767.0,1575767.0,1,,1575767.0,1575767.0,1575767.0,1575767.0,1575767.0,1008382.0,1008382.0,1008382.0,1008382.0,1,,1008382.0,1008382.0,1008382.0,1008382.0,1008382.0,639634.0,639634.0,639634.0,639634.0,1,,639634.0,639634.0,639634.0,639634.0,639634.0,1226743.0,1226743.0,1226743.0,1226743.0,1,,1226743.0,1226743.0,1226743.0,1226743.0,1226743.0,0.0,0.0,0.0,0.0,1,,0.0,0.0,0.0,0.0,0.0,120471.0,120471.0,120471.0,120471.0,1,,120471.0,120471.0,120471.0,120471.0,120471.0,0.0,0.0,0.0,0.0,1,,0.0,0.0,0.0,0.0,0.0,33898.0,33898.0,33898.0,33898.0,1,,33898.0,33898.0,33898.0,33898.0,33898.0
India,Lakshadweep,31,"Calendar Year (Jan - Dec), 2015",Union Territories,,,,,0,,,,,,,,,,,0,,,,,,,,,,,0,,,,,,,,,,,0,,,,,,,,,,,0,,,,,,,,,,,0,,,,,,,,,,,0,,,,,,,,,,,0,,,,,,,,,,,0,,,,,,
India,Lakshadweep,31,"Calendar Year (Jan - Dec), 2016",Union Territories,,,,,0,,,,,,,,,,,0,,,,,,,,,,,0,,,,,,,,,,,0,,,,,,,,,,,0,,,,,,,,,,,0,,,,,,,,,,,0,,,,,,,,,,,0,,,,,,,,,,,0,,,,,,
India,Lakshadweep,31,"Calendar Year (Jan - Dec), 2017",Union Territories,,,,,0,,,,,,,,,,,0,,,,,,,,,,,0,,,,,,,,,,,0,,,,,,,,,,,0,,,,,,,,,,,0,,,,,,,,,,,0,,,,,,,,,,,0,,,,,,,,,,,0,,,,,,
India,Kerala,32,"Calendar Year (Jan - Dec), 2015",Major (Non EAG States),1700.0,1700.0,1700.0,1700.0,1,,1700.0,1700.0,1700.0,1700.0,1700.0,706.0,706.0,706.0,706.0,1,,706.0,706.0,706.0,706.0,706.0,980.0,980.0,980.0,980.0,1,,980.0,980.0,980.0,980.0,980.0,728.0,728.0,728.0,728.0,1,,728.0,728.0,728.0,728.0,728.0,221.0,221.0,221.0,221.0,1,,221.0,221.0,221.0,221.0,221.0,0.0,0.0,0.0,0.0,1,,0.0,0.0,0.0,0.0,0.0,372.0,372.0,372.0,372.0,1,,372.0,372.0,372.0,372.0,372.0,0.0,0.0,0.0,0.0,1,,0.0,0.0,0.0,0.0,0.0,64.0,64.0,64.0,64.0,1,,64.0,64.0,64.0,64.0,64.0
India,Kerala,32,"Calendar Year (Jan - Dec), 2016",Major (Non EAG States),20763575.0,20763575.0,20763575.0,20763575.0,1,,20763575.0,20763575.0,20763575.0,20763575.0,20763575.0,8372351.0,8372351.0,8372351.0,8372351.0,1,,8372351.0,8372351.0,8372351.0,8372351.0,8372351.0,12322253.0,12322253.0,12322253.0,12322253.0,1,,12322253.0,12322253.0,12322253.0,12322253.0,12322253.0,9889631.0,9889631.0,9889631.0,9889631.0,1,,9889631.0,9889631.0,9889631.0,9889631.0,9889631.0,3407704.0,3407704.0,3407704.0,3407704.0,1,,3407704.0,3407704.0,3407704.0,3407704.0,3407704.0,0.0,0.0,0.0,0.0,1,,0.0,0.0,0.0,0.0,0.0,4390738.0,4390738.0,4390738.0,4390738.0,1,,4390738.0,4390738.0,4390738.0,4390738.0,4390738.0,0.0,0.0,0.0,0.0,1,,0.0,0.0,0.0,0.0,0.0,729467.0,729467.0,729467.0,729467.0,1,,729467.0,729467.0,729467.0,729467.0,729467.0
India,Kerala,32,"Calendar Year (Jan - Dec), 2017",Major (Non EAG States),23964333.0,23964333.0,23964333.0,23964333.0,1,,23964333.0,23964333.0,23964333.0,23964333.0,23964333.0,9967210.0,9967210.0,9967210.0,9967210.0,1,,9967210.0,9967210.0,9967210.0,9967210.0,9967210.0,12660119.0,12660119.0,12660119.0,12660119.0,1,,12660119.0,12660119.0,12660119.0,12660119.0,12660119.0,9748828.0,9748828.0,9748828.0,9748828.0,1,,9748828.0,9748828.0,9748828.0,9748828.0,9748828.0,2725965.0,2725965.0,2725965.0,2725965.0,1,,2725965.0,2725965.0,2725965.0,2725965.0,2725965.0,0.0,0.0,0.0,0.0,1,,0.0,0.0,0.0,0.0,0.0,4909299.0,4909299.0,4909299.0,4909299.0,1,,4909299.0,4909299.0,4909299.0,4909299.0,4909299.0,0.0,0.0,0.0,0.0,1,,0.0,0.0,0.0,0.0,0.0,842206.0,842206.0,842206.0,842206.0,1,,842206.0,842206.0,842206.0,842206.0,842206.0
India,Tamil Nadu,33,"Calendar Year (Jan - Dec), 2015",Major (Non EAG States),2708.0,2708.0,2708.0,2708.0,1,,2708.0,2708.0,2708.0,2708.0,2708.0,923.0,923.0,923.0,923.0,1,,923.0,923.0,923.0,923.0,923.0,863.0,863.0,863.0,863.0,1,,863.0,863.0,863.0,863.0,863.0,489.0,489.0,489.0,489.0,1,,489.0,489.0,489.0,489.0,489.0,1250.0,1250.0,1250.0,1250.0,1,,1250.0,1250.0,1250.0,1250.0,1250.0,75.0,75.0,75.0,75.0,1,,75.0,75.0,75.0,75.0,75.0,347.0,347.0,347.0,347.0,1,,347.0,347.0,347.0,347.0,347.0,1179.0,1179.0,1179.0,1179.0,1,,1179.0,1179.0,1179.0,1179.0,1179.0,510.0,510.0,510.0,510.0,1,,510.0,510.0,510.0,510.0,510.0
India,Tamil Nadu,33,"Calendar Year (Jan - Dec), 2016",Major (Non EAG States),31828082.0,31828082.0,31828082.0,31828082.0,1,,31828082.0,31828082.0,31828082.0,31828082.0,31828082.0,9486183.0,9486183.0,9486183.0,9486183.0,1,,9486183.0,9486183.0,9486183.0,9486183.0,9486183.0,9689160.0,9689160.0,9689160.0,9689160.0,1,,9689160.0,9689160.0,9689160.0,9689160.0,9689160.0,4982816.0,4982816.0,4982816.0,4982816.0,1,,4982816.0,4982816.0,4982816.0,4982816.0,4982816.0,11555554.0,11555554.0,11555554.0,11555554.0,1,,11555554.0,11555554.0,11555554.0,11555554.0,11555554.0,753024.0,753024.0,753024.0,753024.0,1,,753024.0,753024.0,753024.0,753024.0,753024.0,3735387.0,3735387.0,3735387.0,3735387.0,1,,3735387.0,3735387.0,3735387.0,3735387.0,3735387.0,8919434.0,8919434.0,8919434.0,8919434.0,1,,8919434.0,8919434.0,8919434.0,8919434.0,8919434.0,5458936.0,5458936.0,5458936.0,5458936.0,1,,5458936.0,5458936.0,5458936.0,5458936.0,5458936.0
India,Tamil Nadu,33,"Calendar Year (Jan - Dec), 2017",Major (Non EAG States),36054129.0,36054129.0,36054129.0,36054129.0,1,,36054129.0,36054129.0,36054129.0,36054129.0,36054129.0,10405610.0,10405610.0,10405610.0,10405610.0,1,,10405610.0,10405610.0,10405610.0,10405610.0,10405610.0,11669384.0,11669384.0,11669384.0,11669384.0,1,,11669384.0,11669384.0,11669384.0,11669384.0,11669384.0,5430703.0,5430703.0,5430703.0,5430703.0,1,,5430703.0,5430703.0,5430703.0,5430703.0,5430703.0,19209929.0,19209929.0,19209929.0,19209929.0,1,,19209929.0,19209929.0,19209929.0,19209929.0,19209929.0,753137.0,753137.0,753137.0,753137.0,1,,753137.0,753137.0,753137.0,753137.0,753137.0,4135544.0,4135544.0,4135544.0,4135544.0,1,,4135544.0,4135544.0,4135544.0,4135544.0,4135544.0,11733785.0,11733785.0,11733785.0,11733785.0,1,,11733785.0,11733785.0,11733785.0,11733785.0,11733785.0,4970327.0,4970327.0,4970327.0,4970327.0,1,,4970327.0,4970327.0,4970327.0,4970327.0,4970327.0
India,Puducherry,34,"Calendar Year (Jan - Dec), 2015",Union Territories,282.0,282.0,282.0,282.0,1,,282.0,282.0,282.0,282.0,282.0,41.0,41.0,41.0,41.0,1,,41.0,41.0,41.0,41.0,41.0,108.0,108.0,108.0,108.0,1,,108.0,108.0,108.0,108.0,108.0,25.0,25.0,25.0,25.0,1,,25.0,25.0,25.0,25.0,25.0,25.0,25.0,25.0,25.0,1,,25.0,25.0,25.0,25.0,25.0,0.0,0.0,0.0,0.0,1,,0.0,0.0,0.0,0.0,0.0,4.0,4.0,4.0,4.0,1,,4.0,4.0,4.0,4.0,4.0,0.0,0.0,0.0,0.0,1,,0.0,0.0,0.0,0.0,0.0,3.0,3.0,3.0,3.0,1,,3.0,3.0,3.0,3.0,3.0
India,Puducherry,34,"Calendar Year (Jan - Dec), 2016",Union Territories,2781914.0,2781914.0,2781914.0,2781914.0,1,,2781914.0,2781914.0,2781914.0,2781914.0,2781914.0,429936.0,429936.0,429936.0,429936.0,1,,429936.0,429936.0,429936.0,429936.0,429936.0,981813.0,981813.0,981813.0,981813.0,1,,981813.0,981813.0,981813.0,981813.0,981813.0,275629.0,275629.0,275629.0,275629.0,1,,275629.0,275629.0,275629.0,275629.0,275629.0,351213.0,351213.0,351213.0,351213.0,1,,351213.0,351213.0,351213.0,351213.0,351213.0,0.0,0.0,0.0,0.0,1,,0.0,0.0,0.0,0.0,0.0,50342.0,50342.0,50342.0,50342.0,1,,50342.0,50342.0,50342.0,50342.0,50342.0,0.0,0.0,0.0,0.0,1,,0.0,0.0,0.0,0.0,0.0,33000.0,33000.0,33000.0,33000.0,1,,33000.0,33000.0,33000.0,33000.0,33000.0
India,Puducherry,34,"Calendar Year (Jan - Dec), 2017",Union Territories,2936069.0,2936069.0,2936069.0,2936069.0,1,,2936069.0,2936069.0,2936069.0,2936069.0,2936069.0,463264.0,463264.0,463264.0,463264.0,1,,463264.0,463264.0,463264.0,463264.0,463264.0,863806.0,863806.0,863806.0,863806.0,1,,863806.0,863806.0,863806.0,863806.0,863806.0,304487.0,304487.0,304487.0,304487.0,1,,304487.0,304487.0,304487.0,304487.0,304487.0,383441.0,383441.0,383441.0,383441.0,1,,383441.0,383441.0,383441.0,383441.0,383441.0,0.0,0.0,0.0,0.0,1,,0.0,0.0,0.0,0.0,0.0,55563.0,55563.0,55563.0,55563.0,1,,55563.0,55563.0,55563.0,55563.0,55563.0,0.0,0.0,0.0,0.0,1,,0.0,0.0,0.0,0.0,0.0,35901.0,35901.0,35901.0,35901.0,1,,35901.0,35901.0,35901.0,35901.0,35901.0
India,Andaman And Nicobar Islands,35,"Calendar Year (Jan - Dec), 2015",Union Territories,,,,,0,,,,,,,,,,,0,,,,,,,,,,,0,,,,,,,,,,,0,,,,,,,,,,,0,,,,,,,,,,,0,,,,,,,,,,,0,,,,,,,,,,,0,,,,,,,,,,,0,,,,,,
India,Andaman And Nicobar Islands,35,"Calendar Year (Jan - Dec), 2016",Union Territories,,,,,0,,,,,,,,,,,0,,,,,,,,,,,0,,,,,,,,,,,0,,,,,,,,,,,0,,,,,,,,,,,0,,,,,,,,,,,0,,,,,,,,,,,0,,,,,,,,,,,0,,,,,,
India,Telangana,36,"Calendar Year (Jan - Dec), 2015",Major (Non EAG States),2066.0,2066.0,2066.0,2066.0,1,,2066.0,2066.0,2066.0,2066.0,2066.0,495.0,495.0,495.0,495.0,1,,495.0,495.0,495.0,495.0,495.0,242.0,242.0,242.0,242.0,1,,242.0,242.0,242.0,242.0,242.0,261.0,261.0,261.0,261.0,1,,261.0,261.0,261.0,261.0,261.0,120.0,120.0,120.0,120.0,1,,120.0,120.0,120.0,120.0,120.0,0.0,0.0,0.0,0.0,1,,0.0,0.0,0.0,0.0,0.0,85.0,85.0,85.0,85.0,1,,85.0,85.0,85.0,85.0,85.0,45.0,45.0,45.0,45.0,1,,45.0,45.0,45.0,45.0,45.0,445.0,445.0,445.0,445.0,1,,445.0,445.0,445.0,445.0,445.0
India,Telangana,36,"Calendar Year (Jan - Dec), 2016",Major (Non EAG States),26192202.0,26192202.0,26192202.0,26192202.0,1,,26192202.0,26192202.0,26192202.0,26192202.0,26192202.0,5087573.0,5087573.0,5087573.0,5087573.0,1,,5087573.0,5087573.0,5087573.0,5087573.0,5087573.0,2733549.0,2733549.0,2733549.0,2733549.0,1,,2733549.0,2733549.0,2733549.0,2733549.0,2733549.0,2901662.0,2901662.0,2901662.0,2901662.0,1,,2901662.0,2901662.0,2901662.0,2901662.0,2901662.0,17696.0,17696.0,17696.0,17696.0,1,,17696.0,17696.0,17696.0,17696.0,17696.0,0.0,0.0,0.0,0.0,1,,0.0,0.0,0.0,0.0,0.0,91910.0,91910.0,91910.0,91910.0,1,,91910.0,91910.0,91910.0,91910.0,91910.0,545467.0,545467.0,545467.0,545467.0,1,,545467.0,545467.0,545467.0,545467.0,545467.0,11826579.0,11826579.0,11826579.0,11826579.0,1,,11826579.0,11826579.0,11826579.0,11826579.0,11826579.0
India,Telangana,36,"Calendar Year (Jan - Dec), 2017",Major (Non EAG States),22568912.0,22568912.0,22568912.0,22568912.0,1,,22568912.0,22568912.0,22568912.0,22568912.0,22568912.0,5126335.0,5126335.0,5126335.0,5126335.0,1,,5126335.0,5126335.0,5126335.0,5126335.0,5126335.0,2741772.0,2741772.0,2741772.0,2741772.0,1,,2741772.0,2741772.0,2741772.0,2741772.0,2741772.0,2999512.0,2999512.0,2999512.0,2999512.0,1,,2999512.0,2999512.0,2999512.0,2999512.0,2999512.0,3267691.0,3267691.0,3267691.0,3267691.0,1,,3267691.0,3267691.0,3267691.0,3267691.0,3267691.0,0.0,0.0,0.0,0.0,1,,0.0,0.0,0.0,0.0,0.0,936090.0,936090.0,936090.0,936090.0,1,,936090.0,936090.0,936090.0,936090.0,936090.0,1976360.0,1976360.0,1976360.0,1976360.0,1,,1976360.0,1976360.0,1976360.0,1976360.0,1976360.0,10690999.0,10690999.0,10690999.0,10690999.0,1,,10690999.0,10690999.0,10690999.0,10690999.0,10690999.0
India,Ladakh,37,"Calendar Year (Jan - Dec), 2015",Major (Non EAG States),6.9111902417,6.9111902417,6.9111902417,6.9111902417,1,,6.911,6.911,6.911,6.911,6.911,20.0993159243,20.0993159243,20.0993159243,20.0993159243,1,,20.099,20.099,20.099,20.099,20.099,12.1164537781,12.1164537781,12.1164537781,12.1164537781,1,,12.116,12.116,12.116,12.116,12.116,1.6403141396,1.6403141396,1.6403141396,1.6403141396,1,,1.64,1.64,1.64,1.64,1.64,0.0,0.0,0.0,0.0,1,,0.0,0.0,0.0,0.0,0.0,0.0,0.0,0.0,0.0,1,,0.0,0.0,0.0,0.0,0.0,0.3718045383,0.3718045383,0.3718045383,0.3718045383,1,,0.372,0.372,0.372,0.372,0.372,0.0,0.0,0.0,0.0,1,,0.0,0.0,0.0,0.0,0.0,0.9404467734,0.9404467734,0.9404467734,0.9404467734,1,,0.94,0.94,0.94,0.94,0.94
India,Ladakh,37,"Calendar Year (Jan - Dec), 2016",Major (Non EAG States),172251.3999214754,172251.3999214754,172251.3999214754,172251.3999214754,1,,172251.4,172251.4,172251.4,172251.4,172251.4,100818.3436431082,100818.3436431082,100818.3436431082,100818.3436431082,1,,100818.344,100818.344,100818.344,100818.344,100818.344,122128.3426275836,122128.3426275836,122128.3426275836,122128.3426275836,1,,122128.343,122128.343,122128.343,122128.343,122128.343,14542.3471654697,14542.3471654697,14542.3471654697,14542.3471654697,1,,14542.347,14542.347,14542.347,14542.347,14542.347,0.0,0.0,0.0,0.0,1,,0.0,0.0,0.0,0.0,0.0,0.0,0.0,0.0,0.0,1,,0.0,0.0,0.0,0.0,0.0,3988.0848322606,3988.0848322606,3988.0848322606,3988.0848322606,1,,3988.085,3988.085,3988.085,3988.085,3988.085,0.0,0.0,0.0,0.0,1,,0.0,0.0,0.0,0.0,0.0,1384.337650429,1384.337650429,1384.337650429,1384.337650429,1,,1384.338,1384.338,1384.338,1384.338,1384.338
India,Ladakh,37,"Calendar Year (Jan - Dec), 2017",Major (Non EAG States),186012.2358182587,186012.2358182587,186012.2358182587,186012.2358182587,1,,186012.236,186012.236,186012.236,186012.236,186012.236,115871.1128271211,115871.1128271211,115871.1128271211,115871.1128271211,1,,115871.113,115871.113,115871.113,115871.113,115871.113,129016.1529250312,129016.1529250312,129016.1529250312,129016.1529250312,1,,129016.153,129016.153,129016.153,129016.153,129016.153,16045.8591058568,16045.8591058568,16045.8591058568,16045.8591058568,1,,16045.859,16045.859,16045.859,16045.859,16045.859,0.0,0.0,0.0,0.0,1,,0.0,0.0,0.0,0.0,0.0,0.0,0.0,0.0,0.0,1,,0.0,0.0,0.0,0.0,0.0,4293.3144873634,4293.3144873634,4293.3144873634,4293.3144873634,1,,4293.314,4293.314,4293.314,4293.314,4293.314,0.0,0.0,0.0,0.0,1,,0.0,0.0,0.0,0.0,0.0,1240.0993604173,1240.0993604173,1240.0993604173,1240.0993604173,1,,1240.099,1240.099,1240.099,1240.099,1240.099
India,The Dadra And Nagar Haveli And Daman And Diu,38,"Calendar Year (Jan - Dec), 2015",Union Territories,,,,,0,,,,,,,,,,,0,,,,,,,,,,,0,,,,,,,,,,,0,,,,,,,,,,,0,,,,,,,,,,,0,,,,,,,,,,,0,,,,,,,,,,,0,,,,,,,,,,,0,,,,,,
India,The Dadra And Nagar Haveli And Daman And Diu,38,"Calendar Year (Jan - Dec), 2016",Union Territories,,,,,0,,,,,,,,,,,0,,,,,,,,,,,0,,,,,,,,,,,0,,,,,,,,,,,0,,,,,,,,,,,0,,,,,,,,,,,0,,,,,,,,,,,0,,,,,,,,,,,0,,,,,,
India,The Dadra And Nagar Haveli And Daman And Diu,38,"Calendar Year (Jan - Dec), 2017",Union Territories,,,,,0,,,,,,,,,,,0,,,,,,,,,,,0,,,,,,,,,,,0,,,,,,,,,,,0,,,,,,,,,,,0,,,,,,,,,,,0,,,,,,,,,,,0,,,,,,,,,,,0,,,,,,















































































