,state,date,Settlement of Integrated goods and services tax ( IGST )
0,jammu and kashmir,2017-08-01,81.5918260846
1,jammu and kashmir,2017-09-01,139.4445443247
2,jammu and kashmir,2017-10-01,191.5394900521
3,jammu and kashmir,2017-11-01,204.6872825997
4,jammu and kashmir,2017-12-01,182.6248719643
5,jammu and kashmir,2018-01-01,219.6190167414
6,jammu and kashmir,2018-02-01,176.4471233137
7,jammu and kashmir,2018-03-01,174.9100045134
8,jammu and kashmir,2018-04-01,204.9571299441
9,jammu and kashmir,2018-05-01,192.5733204992
10,jammu and kashmir,2018-06-01,213.4166295067
11,jammu and kashmir,2018-07-01,213.0247978182
12,jammu and kashmir,2018-08-01,220.8434880253
13,jammu and kashmir,2018-09-01,216.1103333975
14,jammu and kashmir,2018-10-01,221.094746396
15,jammu and kashmir,2018-11-01,259.7697819486
16,jammu and kashmir,2018-12-01,228.0501976068
17,jammu and kashmir,2019-01-01,221.7919699574
18,jammu and kashmir,2019-02-01,163.7084047372
19,jammu and kashmir,2019-03-01,263.2329414993
20,jammu and kashmir,2019-04-01,246.9701615879
21,jammu and kashmir,2019-05-01,240.0031548572
22,jammu and kashmir,2019-06-01,265.7845636221
23,jammu and kashmir,2019-07-01,278.9230624003
24,jammu and kashmir,2019-08-01,165.7316093525
25,jammu and kashmir,2019-09-01,121.5009776129
26,jammu and kashmir,2019-10-01,125.0117842796
27,jammu and kashmir,2019-11-01,194.4847406641
28,jammu and kashmir,2019-12-01,337.4545549577
29,jammu and kashmir,2020-01-01,267.0292565317
30,jammu and kashmir,2020-02-01,249.9119964977
31,jammu and kashmir,2020-03-01,207.1536801344
32,jammu and kashmir,2020-04-01,32.69
33,jammu and kashmir,2020-05-01,101.31
34,jammu and kashmir,2020-06-01,144.0
35,jammu and kashmir,2020-07-01,277.354471841
36,jammu and kashmir,2020-08-01,238.844346009
37,jammu and kashmir,2020-09-01,293.845225273
38,jammu and kashmir,2020-10-01,401.258447338
39,jammu and kashmir,2020-11-01,299.749336191
40,jammu and kashmir,2020-12-01,311.411794745
41,jammu and kashmir,2021-01-01,290.923992
42,jammu and kashmir,2021-02-01,243.669495542
43,jammu and kashmir,2021-03-01,251.48657466
44,jammu and kashmir,2021-04-01,364.379359451
45,jammu and kashmir,2021-05-01,181.405530964
46,jammu and kashmir,2021-06-01,246.869929699
47,jammu and kashmir,2021-07-01,431.257782373
48,jammu and kashmir,2021-08-01,378.824326552
49,jammu and kashmir,2021-09-01,350.445064012
50,jammu and kashmir,2021-10-01,337.461065639
51,jammu and kashmir,2021-11-01,343.882678289
52,jammu and kashmir,2021-12-01,305.476158497
53,jammu and kashmir,2022-01-01,405.974306203
54,jammu and kashmir,2022-02-01,304.340633362
55,jammu and kashmir,2022-03-01,332.055667398
56,jammu and kashmir,2022-04-01,429.400351476
57,jammu and kashmir,2022-05-01,340.747415491
58,jammu and kashmir,2022-06-01,360.83231975
59,himachal pradesh,2017-08-01,63.515337668
60,himachal pradesh,2017-09-01,68.5992304
61,himachal pradesh,2017-10-01,75.951647506
62,himachal pradesh,2017-11-01,107.9755191
63,himachal pradesh,2017-12-01,91.6474698
64,himachal pradesh,2018-01-01,105.6253327
65,himachal pradesh,2018-02-01,89.3946239
66,himachal pradesh,2018-03-01,89.8820517
67,himachal pradesh,2018-04-01,100.0167996
68,himachal pradesh,2018-05-01,85.8309654
69,himachal pradesh,2018-06-01,120.3761358
70,himachal pradesh,2018-07-01,108.2997529
71,himachal pradesh,2018-08-01,103.986185991
72,himachal pradesh,2018-09-01,102.9907702
73,himachal pradesh,2018-10-01,94.861841
74,himachal pradesh,2018-11-01,124.6440379
75,himachal pradesh,2018-12-01,115.7950392
76,himachal pradesh,2019-01-01,104.6438089
77,himachal pradesh,2019-02-01,100.176648125
78,himachal pradesh,2019-03-01,91.0478619
79,himachal pradesh,2019-04-01,115.6907851
80,himachal pradesh,2019-05-01,129.4196465
81,himachal pradesh,2019-06-01,137.0526634
82,himachal pradesh,2019-07-01,155.9223141
83,himachal pradesh,2019-08-01,123.6053124449
84,himachal pradesh,2019-09-01,156.2582484
85,himachal pradesh,2019-10-01,112.3441054
86,himachal pradesh,2019-11-01,181.1541832
87,himachal pradesh,2019-12-01,149.0
88,himachal pradesh,2020-01-01,140.0
89,himachal pradesh,2020-02-01,137.0
90,himachal pradesh,2020-03-01,131.708029
91,himachal pradesh,2020-04-01,13.61
92,himachal pradesh,2020-05-01,45.92
93,himachal pradesh,2020-06-01,79.4
94,himachal pradesh,2020-07-01,166.388350928
95,himachal pradesh,2020-08-01,157.447418716
96,himachal pradesh,2020-09-01,167.951812362
97,himachal pradesh,2020-10-01,207.213147363
98,himachal pradesh,2020-11-01,167.548641753
99,himachal pradesh,2020-12-01,198.760102492
100,himachal pradesh,2021-01-01,183.702718143
101,himachal pradesh,2021-02-01,130.659894341
102,himachal pradesh,2021-03-01,120.930031504
103,himachal pradesh,2021-04-01,232.039559278
104,himachal pradesh,2021-05-01,77.097243507
105,himachal pradesh,2021-06-01,129.259089355
106,himachal pradesh,2021-07-01,291.803914669
107,himachal pradesh,2021-08-01,224.673427581
108,himachal pradesh,2021-09-01,195.562854166
109,himachal pradesh,2021-10-01,230.621708585
110,himachal pradesh,2021-11-01,216.701358812
111,himachal pradesh,2021-12-01,174.679550188
112,himachal pradesh,2022-01-01,256.521663692
113,himachal pradesh,2022-02-01,169.668184844
114,himachal pradesh,2022-03-01,203.675094714
115,himachal pradesh,2022-04-01,302.2285724
116,himachal pradesh,2022-05-01,242.847638588
117,himachal pradesh,2022-06-01,206.568407855
118,punjab,2017-08-01,277.15933738
119,punjab,2017-09-01,449.5899493
120,punjab,2017-10-01,478.661802838
121,punjab,2017-11-01,488.6274136
122,punjab,2017-12-01,466.5992976
123,punjab,2018-01-01,525.9906628
124,punjab,2018-02-01,498.9236344
125,punjab,2018-03-01,478.4475321
126,punjab,2018-04-01,516.8904599
127,punjab,2018-05-01,382.5705363
128,punjab,2018-06-01,472.6300906
129,punjab,2018-07-01,503.5001097
130,punjab,2018-08-01,474.052911374
131,punjab,2018-09-01,533.6120118
132,punjab,2018-10-01,499.6108604
133,punjab,2018-11-01,445.9062022
134,punjab,2018-12-01,510.330392
135,punjab,2019-01-01,486.3315549
136,punjab,2019-02-01,512.907797568
137,punjab,2019-03-01,478.8259071
138,punjab,2019-04-01,533.6755551
139,punjab,2019-05-01,498.3376177
140,punjab,2019-06-01,468.7935831
141,punjab,2019-07-01,717.3870302
142,punjab,2019-08-01,519.5042362722
143,punjab,2019-09-01,562.9245878
144,punjab,2019-10-01,449.4191705
145,punjab,2019-11-01,541.5681827
146,punjab,2019-12-01,501.0
147,punjab,2020-01-01,625.0
148,punjab,2020-02-01,619.7
149,punjab,2020-03-01,528.5938859
150,punjab,2020-04-01,54.34
151,punjab,2020-05-01,273.36
152,punjab,2020-06-01,361.6
153,punjab,2020-07-01,613.746691192
154,punjab,2020-08-01,530.117244209
155,punjab,2020-09-01,571.507300892
156,punjab,2020-10-01,522.762813411
157,punjab,2020-11-01,518.960216997
158,punjab,2020-12-01,535.529318074
159,punjab,2021-01-01,619.657995701
160,punjab,2021-02-01,543.027682403
161,punjab,2021-03-01,576.981817316
162,punjab,2021-04-01,753.154644277
163,punjab,2021-05-01,409.218982642
164,punjab,2021-06-01,676.754112921
165,punjab,2021-07-01,858.179364068
166,punjab,2021-08-01,848.691649154
167,punjab,2021-09-01,798.011615012
168,punjab,2021-10-01,628.57483798
169,punjab,2021-11-01,672.825631121
170,punjab,2021-12-01,647.742470221
171,punjab,2022-01-01,813.976837399
172,punjab,2022-02-01,790.153941952
173,punjab,2022-03-01,749.282965257
174,punjab,2022-04-01,947.102136475
175,punjab,2022-05-01,747.087365159
176,punjab,2022-06-01,750.222646842
177,chandigarh,2017-08-01,34.907894399
178,chandigarh,2017-09-01,56.4019194
179,chandigarh,2017-10-01,64.695050165
180,chandigarh,2017-11-01,57.516165
181,chandigarh,2017-12-01,60.3601771
182,chandigarh,2018-01-01,63.5817111
183,chandigarh,2018-02-01,56.8274966
184,chandigarh,2018-03-01,59.4119343
185,chandigarh,2018-04-01,67.1868713
186,chandigarh,2018-05-01,52.4781904
187,chandigarh,2018-06-01,63.2744606
188,chandigarh,2018-07-01,68.8439899
189,chandigarh,2018-08-01,72.287204008
190,chandigarh,2018-09-01,63.7089739
191,chandigarh,2018-10-01,66.8343376
192,chandigarh,2018-11-01,73.3440671
193,chandigarh,2018-12-01,75.2340284
194,chandigarh,2019-01-01,70.5782546
195,chandigarh,2019-02-01,68.690290554
196,chandigarh,2019-03-01,66.5564157
197,chandigarh,2019-04-01,65.3740886
198,chandigarh,2019-05-01,75.1019699
199,chandigarh,2019-06-01,64.9192522
200,chandigarh,2019-07-01,66.1137735
201,chandigarh,2019-08-01,60.9759898589
202,chandigarh,2019-09-01,67.4717687
203,chandigarh,2019-10-01,57.9297598
204,chandigarh,2019-11-01,85.1474176
205,chandigarh,2019-12-01,64.0
206,chandigarh,2020-01-01,86.0
207,chandigarh,2020-02-01,71.5
208,chandigarh,2020-03-01,60.8701632
209,chandigarh,2020-04-01,4.58
210,chandigarh,2020-05-01,21.47
211,chandigarh,2020-06-01,36.1
212,chandigarh,2020-07-01,71.377330648
213,chandigarh,2020-08-01,57.8358117
214,chandigarh,2020-09-01,68.856405416
215,chandigarh,2020-10-01,57.15096026
216,chandigarh,2020-11-01,70.30211254
217,chandigarh,2020-12-01,81.943633644
218,chandigarh,2021-01-01,72.728780466
219,chandigarh,2021-02-01,67.981865328
220,chandigarh,2021-03-01,73.154576404
221,chandigarh,2021-04-01,96.329720944
222,chandigarh,2021-05-01,40.327285741
223,chandigarh,2021-06-01,54.040339598
224,chandigarh,2021-07-01,93.584254612
225,chandigarh,2021-08-01,102.597321994
226,chandigarh,2021-09-01,91.465108042
227,chandigarh,2021-10-01,92.280232048
228,chandigarh,2021-11-01,102.87332026
229,chandigarh,2021-12-01,81.997319232
230,chandigarh,2022-01-01,117.897506564
231,chandigarh,2022-02-01,88.049452377
232,chandigarh,2022-03-01,104.545366688
233,chandigarh,2022-04-01,114.52155706
234,chandigarh,2022-05-01,107.931947338
235,chandigarh,2022-06-01,96.341687288
236,uttarakhand,2017-08-01,-40.988784233
237,uttarakhand,2017-09-01,-21.5711008
238,uttarakhand,2017-10-01,-9.868357559
239,uttarakhand,2017-11-01,27.9778129
240,uttarakhand,2017-12-01,38.1013922
241,uttarakhand,2018-01-01,80.0718263
242,uttarakhand,2018-02-01,23.0583717
243,uttarakhand,2018-03-01,8.125983
244,manipur,2019-12-01,70.0
245,uttarakhand,2018-04-01,-10.3877931
246,uttarakhand,2018-05-01,-5.5165237
247,uttarakhand,2018-06-01,17.0019006
248,uttarakhand,2018-07-01,3.589928
249,uttarakhand,2018-08-01,0.096009885
250,uttarakhand,2018-09-01,20.5066223
251,uttarakhand,2018-10-01,5.8788183
252,uttarakhand,2018-11-01,66.8565171
253,uttarakhand,2018-12-01,101.0666406
254,uttarakhand,2019-01-01,40.9664712
255,uttarakhand,2019-02-01,-48.008395976
256,uttarakhand,2019-03-01,31.5674803
257,uttarakhand,2019-04-01,71.3555027
258,uttarakhand,2019-05-01,92.1079007
259,uttarakhand,2019-06-01,75.3313238
260,uttarakhand,2019-07-01,109.8046239
261,uttarakhand,2019-08-01,55.8115020416
262,uttarakhand,2019-09-01,105.7922652
263,uttarakhand,2019-10-01,-30.4508547
264,uttarakhand,2019-11-01,76.1937298
265,uttarakhand,2019-12-01,42.0
266,uttarakhand,2020-01-01,109.0
267,uttarakhand,2020-02-01,94.5
268,uttarakhand,2020-03-01,70.09206
269,uttarakhand,2020-04-01,25.81
270,uttarakhand,2020-05-01,30.83
271,uttarakhand,2020-06-01,111.4
272,uttarakhand,2020-07-01,63.660089459
273,uttarakhand,2020-08-01,92.259545591
274,uttarakhand,2020-09-01,113.718733419
275,uttarakhand,2020-10-01,59.448193727
276,uttarakhand,2020-11-01,85.018922688
277,uttarakhand,2020-12-01,120.200496312
278,uttarakhand,2021-01-01,110.355268239
279,uttarakhand,2021-02-01,118.973519362
280,uttarakhand,2021-03-01,82.818503142
281,uttarakhand,2021-04-01,160.686911248
282,uttarakhand,2021-05-01,88.136366473
283,uttarakhand,2021-06-01,136.923562365
284,uttarakhand,2021-07-01,208.610111042
285,uttarakhand,2021-08-01,177.294401823
286,uttarakhand,2021-09-01,150.361463485
287,uttarakhand,2021-10-01,143.339644357
288,uttarakhand,2021-11-01,190.043065945
289,uttarakhand,2021-12-01,116.751529091
290,uttarakhand,2022-01-01,179.378286121
291,uttarakhand,2022-02-01,204.853345919
292,uttarakhand,2022-03-01,175.671843787
293,uttarakhand,2022-04-01,177.804409323
294,uttarakhand,2022-05-01,175.126116741
295,uttarakhand,2022-06-01,164.936710003
296,haryana,2017-08-01,-286.673182849
297,haryana,2017-09-01,113.7607823
298,haryana,2017-10-01,232.712874386
299,haryana,2017-11-01,152.6402818
300,haryana,2017-12-01,380.4468636
301,haryana,2018-01-01,351.9916294
302,haryana,2018-02-01,402.4962071
303,haryana,2018-03-01,294.2518196
304,haryana,2018-04-01,375.4189455
305,haryana,2018-05-01,312.4327255
306,haryana,2018-06-01,309.6503271
307,haryana,2018-07-01,401.4700484
308,haryana,2018-08-01,229.155581746
309,haryana,2018-09-01,210.1351327
310,haryana,2018-10-01,282.2514065
311,haryana,2018-11-01,314.2754745
312,haryana,2018-12-01,411.3936931
313,haryana,2019-01-01,397.3997177
314,haryana,2019-02-01,364.233887928
315,haryana,2019-03-01,268.8293322
316,haryana,2019-04-01,377.3029202
317,haryana,2019-05-01,376.212026
318,haryana,2019-06-01,-150.5338747
319,haryana,2019-07-01,753.0114249
320,haryana,2019-08-01,553.515336052
321,haryana,2019-09-01,508.1360717
322,haryana,2019-10-01,375.1060864
323,haryana,2019-11-01,583.8420274
324,haryana,2019-12-01,403.0
325,haryana,2020-01-01,400.0
326,haryana,2020-02-01,429.7
327,haryana,2020-03-01,324.0144716
328,haryana,2020-04-01,-15.77
329,haryana,2020-05-01,345.25
330,haryana,2020-06-01,521.7
331,haryana,2020-07-01,667.011314796
332,haryana,2020-08-01,513.174247411
333,haryana,2020-09-01,535.036155153
334,haryana,2020-10-01,1368.219226804
335,haryana,2020-11-01,277.046678459
336,haryana,2020-12-01,472.2071279
337,haryana,2021-01-01,640.137751964
338,haryana,2021-02-01,394.000674877
339,haryana,2021-03-01,399.107450717
340,haryana,2021-04-01,827.75992501
341,haryana,2021-05-01,241.320519549
342,haryana,2021-06-01,988.487408234
343,haryana,2021-07-01,846.854303698
344,haryana,2021-08-01,1008.07503399
345,haryana,2021-09-01,868.595986759
346,haryana,2021-10-01,1075.604928236
347,haryana,2021-11-01,787.776513116
348,haryana,2021-12-01,631.587313074
349,haryana,2022-01-01,9.252825855
350,haryana,2022-02-01,724.894983379
351,haryana,2022-03-01,685.830601709
352,haryana,2022-04-01,1078.802043008
353,haryana,2022-05-01,703.117997803
354,haryana,2022-06-01,836.457515699
355,delhi,2017-08-01,448.411678126
356,delhi,2017-09-01,641.0952109
357,delhi,2017-10-01,752.272137476
358,delhi,2017-11-01,750.6795871
359,delhi,2017-12-01,695.9459706
360,delhi,2018-01-01,616.194482
361,delhi,2018-02-01,509.6861896
362,delhi,2018-03-01,510.6561364
363,delhi,2018-04-01,743.8910517
364,delhi,2018-05-01,367.3404058
365,delhi,2018-06-01,414.0696303
366,delhi,2018-07-01,569.4420121
367,delhi,2018-08-01,418.976097876
368,delhi,2018-09-01,471.9096626
369,delhi,2018-10-01,529.5080801
370,delhi,2018-11-01,558.747481
371,delhi,2018-12-01,361.2023161
372,delhi,2019-01-01,420.6209753
373,delhi,2019-02-01,633.638460176
374,delhi,2019-03-01,389.7312539
375,delhi,2019-04-01,661.2796826
376,delhi,2019-05-01,276.471911
377,delhi,2019-06-01,529.7163915
378,delhi,2019-07-01,734.5120078
379,delhi,2019-08-01,586.6456671054
380,delhi,2019-09-01,113.621781
381,delhi,2019-10-01,630.3998022
382,delhi,2019-11-01,635.6499303
383,delhi,2019-12-01,730.0
384,delhi,2020-01-01,1057.0
385,delhi,2020-02-01,645.4
386,delhi,2020-03-01,603.8710464
387,delhi,2020-04-01,80.07
388,delhi,2020-05-01,585.58
389,delhi,2020-06-01,329.0
390,delhi,2020-07-01,685.134668004
391,delhi,2020-08-01,528.082148778
392,delhi,2020-09-01,481.728342803
393,delhi,2020-10-01,613.025953265
394,delhi,2020-11-01,444.102217129
395,delhi,2020-12-01,412.10795054
396,delhi,2021-01-01,562.665379519
397,delhi,2021-02-01,606.237627248
398,delhi,2021-03-01,752.251338119
399,delhi,2021-04-01,949.766858041
400,delhi,2021-05-01,366.986120951
401,delhi,2021-06-01,366.505834803
402,delhi,2021-07-01,637.415448191
403,delhi,2021-08-01,1076.242741639
404,delhi,2021-09-01,1127.323676903
405,delhi,2021-10-01,848.968726799
406,delhi,2021-11-01,1011.182270962
407,delhi,2021-12-01,1054.348419214
408,delhi,2022-01-01,1123.26658052
409,delhi,2022-02-01,817.31172454
410,delhi,2022-03-01,1206.101620547
411,delhi,2022-04-01,1319.309726888
412,delhi,2022-05-01,1024.377105033
413,manipur,2020-01-01,50.0
414,delhi,2022-06-01,800.385126317
415,rajasthan,2017-08-01,403.370320584
416,rajasthan,2017-09-01,573.7301801
417,rajasthan,2017-10-01,641.200370076
418,rajasthan,2017-11-01,684.0857072
419,rajasthan,2017-12-01,758.1343006
420,rajasthan,2018-01-01,679.0114866
421,rajasthan,2018-02-01,672.8339427
422,rajasthan,2018-03-01,713.4454286
423,rajasthan,2018-04-01,723.6805628
424,rajasthan,2018-05-01,599.1164338
425,rajasthan,2018-06-01,843.3127965
426,rajasthan,2018-07-01,816.2348046
427,rajasthan,2018-08-01,758.637763988
428,rajasthan,2018-09-01,739.3332587
429,rajasthan,2018-10-01,885.437483
430,rajasthan,2018-11-01,873.4241577
431,rajasthan,2018-12-01,793.6544821
432,rajasthan,2019-01-01,798.9317657
433,rajasthan,2019-02-01,864.400742558
434,rajasthan,2019-03-01,696.0475899
435,rajasthan,2019-04-01,731.8725294
436,rajasthan,2019-05-01,787.5825821
437,rajasthan,2019-06-01,784.5244465
438,rajasthan,2019-07-01,970.1106343
439,rajasthan,2019-08-01,770.7176990309
440,rajasthan,2019-09-01,771.8381755
441,rajasthan,2019-10-01,649.6740393
442,rajasthan,2019-11-01,882.9124448
443,rajasthan,2019-12-01,786.0
444,rajasthan,2020-01-01,838.0
445,rajasthan,2020-02-01,765.5
446,rajasthan,2020-03-01,683.2764346
447,rajasthan,2020-04-01,113.55
448,rajasthan,2020-05-01,332.77
449,rajasthan,2020-06-01,539.0
450,rajasthan,2020-07-01,905.988952007
451,rajasthan,2020-08-01,852.966209215
452,rajasthan,2020-09-01,861.228413168
453,rajasthan,2020-10-01,885.8902165
454,rajasthan,2020-11-01,874.651700938
455,rajasthan,2020-12-01,918.811541052
456,rajasthan,2021-01-01,939.323311724
457,rajasthan,2021-02-01,861.50849482
458,rajasthan,2021-03-01,821.815820561
459,rajasthan,2021-04-01,1115.938343867
460,rajasthan,2021-05-01,566.56886968
461,rajasthan,2021-06-01,810.925069549
462,rajasthan,2021-07-01,1307.051629952
463,rajasthan,2021-08-01,1185.343380745
464,tripura,2020-01-01,49.0
465,rajasthan,2021-09-01,1177.362645752
466,rajasthan,2021-10-01,1334.570045051
467,rajasthan,2021-11-01,1287.383704928
468,rajasthan,2021-12-01,1085.652930585
469,rajasthan,2022-01-01,1336.733168754
470,rajasthan,2022-02-01,1208.146060658
471,rajasthan,2022-03-01,1258.398021167
472,rajasthan,2022-04-01,1581.310600256
473,rajasthan,2022-05-01,1325.170223326
474,rajasthan,2022-06-01,1291.797579056
475,uttar pradesh,2017-08-01,1553.760259468
476,uttar pradesh,2017-09-01,1195.1561722
477,uttar pradesh,2017-10-01,1513.418243806
478,uttar pradesh,2017-11-01,1689.8046624
479,uttar pradesh,2017-12-01,1637.8167242
480,uttar pradesh,2018-01-01,1686.5370237
481,uttar pradesh,2018-02-01,1581.4593474
482,uttar pradesh,2018-03-01,1637.9542435
483,uttar pradesh,2018-04-01,1686.7533992
484,uttar pradesh,2018-05-01,1624.6411031
485,uttar pradesh,2018-06-01,1856.1465847
486,uttar pradesh,2018-07-01,1865.6780974
487,uttar pradesh,2018-08-01,1604.037983908
488,uttar pradesh,2018-09-01,1603.5904844
489,uttar pradesh,2018-10-01,1711.4685635
490,uttar pradesh,2018-11-01,1881.7312593
491,uttar pradesh,2018-12-01,1995.0490571
492,uttar pradesh,2019-01-01,1831.132357
493,uttar pradesh,2019-02-01,1843.5621703
494,uttar pradesh,2019-03-01,1727.3342798
495,uttar pradesh,2019-04-01,2074.4838876
496,uttar pradesh,2019-05-01,2102.2960964
497,uttar pradesh,2019-06-01,2045.3950212
498,uttar pradesh,2019-07-01,2386.834085
499,uttar pradesh,2019-08-01,1854.0769833196
500,uttar pradesh,2019-09-01,1919.5323761
501,uttar pradesh,2019-10-01,1692.9054602
502,uttar pradesh,2019-11-01,2210.5617686
503,uttar pradesh,2019-12-01,1945.0
504,uttar pradesh,2020-01-01,2223.0
505,uttar pradesh,2020-02-01,2029.5
506,uttar pradesh,2020-03-01,1879.5972397
507,uttar pradesh,2020-04-01,318.24
508,uttar pradesh,2020-05-01,990.99
509,uttar pradesh,2020-06-01,1218.2
510,uttar pradesh,2020-07-01,2320.861170064
511,uttar pradesh,2020-08-01,1838.222329064
512,uttar pradesh,2020-09-01,1984.44
513,uttar pradesh,2020-10-01,2018.45897393
514,uttar pradesh,2020-11-01,1940.065290761
515,uttar pradesh,2020-12-01,2357.262549275
516,uttar pradesh,2021-01-01,2365.827357737
517,uttar pradesh,2021-02-01,2153.635754991
518,uttar pradesh,2021-03-01,2074.11716072
519,uttar pradesh,2021-04-01,2683.160134532
520,uttar pradesh,2021-05-01,1552.767772042
521,uttar pradesh,2021-06-01,2106.472603963
522,uttar pradesh,2021-07-01,2849.881944962
523,uttar pradesh,2021-08-01,2602.920108229
524,uttar pradesh,2021-09-01,2631.7310909
525,uttar pradesh,2021-10-01,2205.060391985
526,uttar pradesh,2021-11-01,2587.506704544
527,uttar pradesh,2021-12-01,2418.513844112
528,uttar pradesh,2022-01-01,2771.142702466
529,uttar pradesh,2022-02-01,2777.030548129
530,uttar pradesh,2022-03-01,2689.377020548
531,uttar pradesh,2022-04-01,3338.011054287
532,uttar pradesh,2022-05-01,2923.570951139
533,uttar pradesh,2022-06-01,3007.221789242
534,bihar,2017-08-01,275.497499878
535,bihar,2017-09-01,346.1348191
536,bihar,2017-10-01,491.633240924
537,bihar,2017-11-01,528.4421554
538,bihar,2017-12-01,565.2158053
539,bihar,2018-01-01,537.1072582
540,bihar,2018-02-01,549.8922631
541,bihar,2018-03-01,538.0330477
542,bihar,2018-04-01,598.092804
543,bihar,2018-05-01,618.2494194
544,bihar,2018-06-01,719.0849117
545,bihar,2018-07-01,737.1209273
546,bihar,2018-08-01,704.905572752
547,bihar,2018-09-01,665.8862915
548,bihar,2018-10-01,771.1461478
549,bihar,2018-11-01,709.5895733
550,bihar,2018-12-01,706.1889646
551,bihar,2019-01-01,740.3348506
552,bihar,2019-02-01,702.679457227
553,bihar,2019-03-01,694.7791013
554,bihar,2019-04-01,797.2068401
555,bihar,2019-05-01,721.1496962
556,bihar,2019-06-01,874.2063449
557,bihar,2019-07-01,904.8029364
558,bihar,2019-08-01,719.3516848781
559,bihar,2019-09-01,692.0882344
560,bihar,2019-10-01,667.3727092
561,bihar,2019-11-01,847.9288414
562,bihar,2019-12-01,801.0
563,bihar,2020-01-01,823.0
564,bihar,2020-02-01,812.9
565,bihar,2020-03-01,797.6935681
566,bihar,2020-04-01,104.59
567,bihar,2020-05-01,422.53
568,bihar,2020-06-01,539.1
569,bihar,2020-07-01,1057.599333906
570,bihar,2020-08-01,758.693496077
571,bihar,2020-09-01,992.118986217
572,bihar,2020-10-01,1057.775453075
573,bihar,2020-11-01,887.69439854
574,bihar,2020-12-01,992.867314056
575,bihar,2021-01-01,1027.555076961
576,bihar,2021-02-01,886.629970258
577,bihar,2021-03-01,876.300903448
578,bihar,2021-04-01,1090.861427861
579,bihar,2021-05-01,682.710201888
580,bihar,2021-06-01,853.072148509
581,bihar,2021-07-01,1355.186562329
582,bihar,2021-08-01,1147.203221315
583,bihar,2021-09-01,968.127112574
584,bihar,2021-10-01,997.53719356
585,bihar,2021-11-01,1030.136460557
586,bihar,2021-12-01,919.684215128
587,bihar,2022-01-01,1114.594325185
588,bihar,2022-02-01,1048.972749475
589,bihar,2022-03-01,1097.910405706
590,bihar,2022-04-01,1289.992400535
591,bihar,2022-05-01,1211.531818874
592,bihar,2022-06-01,1316.49729024
593,sikkim,2017-08-01,5.263705756
594,sikkim,2017-09-01,6.7459503
595,sikkim,2017-10-01,6.138237103
596,sikkim,2017-11-01,10.4368823
597,sikkim,2017-12-01,10.7436212
598,sikkim,2018-01-01,10.7411793
599,sikkim,2018-02-01,10.2224175
600,sikkim,2018-03-01,16.2146242
601,sikkim,2018-04-01,12.1094438
602,sikkim,2018-05-01,11.9994817
603,sikkim,2018-06-01,15.3343435
604,sikkim,2018-07-01,19.7864869
605,sikkim,2018-08-01,18.856835754
606,sikkim,2018-09-01,11.9705863
607,sikkim,2018-10-01,16.6696853
608,sikkim,2018-11-01,14.3465653
609,sikkim,2018-12-01,13.8239678
610,sikkim,2019-01-01,14.868077
611,sikkim,2019-02-01,16.289463367
612,sikkim,2019-03-01,18.8460144
613,sikkim,2019-04-01,23.936261
614,sikkim,2019-05-01,27.2661604
615,sikkim,2019-06-01,18.1261324
616,sikkim,2019-07-01,18.5930133
617,sikkim,2019-08-01,20.7558150068
618,sikkim,2019-09-01,27.2048445
619,sikkim,2019-10-01,18.3750327
620,sikkim,2019-11-01,25.7355199
621,sikkim,2019-12-01,22.0
622,sikkim,2020-01-01,17.0
623,sikkim,2020-02-01,20.2
624,sikkim,2020-03-01,20.3704567
625,sikkim,2020-04-01,1.54
626,sikkim,2020-05-01,4.96
627,sikkim,2020-06-01,10.9
628,sikkim,2020-07-01,20.147174542
629,sikkim,2020-08-01,15.325187467
630,sikkim,2020-09-01,20.584896011
631,sikkim,2020-10-01,25.92302711
632,sikkim,2020-11-01,23.637319237
633,sikkim,2020-12-01,23.308813382
634,sikkim,2021-01-01,27.546195
635,sikkim,2021-02-01,23.361342277
636,sikkim,2021-03-01,21.95860808
637,sikkim,2021-04-01,33.514291444
638,sikkim,2021-05-01,19.230791502
639,sikkim,2021-06-01,19.866406818
640,sikkim,2021-07-01,32.077738249
641,sikkim,2021-08-01,32.262943302
642,sikkim,2021-09-01,36.057613873
643,sikkim,2021-10-01,30.692365566
644,sikkim,2021-11-01,31.083046377
645,sikkim,2021-12-01,29.026434769
646,sikkim,2022-01-01,39.883956531
647,sikkim,2022-02-01,33.072003332
648,sikkim,2022-03-01,40.909073313
649,assam,2020-01-01,337.0
650,sikkim,2022-04-01,53.968592934
651,sikkim,2022-05-01,37.242360274
652,sikkim,2022-06-01,38.083138762
653,andhra pradesh,2017-08-01,9.742984068
654,andhra pradesh,2017-09-01,10.3357294
655,andhra pradesh,2017-10-01,13.96429066
656,andhra pradesh,2017-11-01,17.8050581
657,andhra pradesh,2017-12-01,21.69439
658,andhra pradesh,2018-01-01,34.8623447
659,andhra pradesh,2018-02-01,22.9144016
660,andhra pradesh,2018-03-01,21.2078715
661,andhra pradesh,2018-04-01,30.3893955
662,andhra pradesh,2018-05-01,25.5360376
663,andhra pradesh,2018-06-01,33.3908369
664,andhra pradesh,2018-07-01,24.558019
665,andhra pradesh,2018-08-01,30.589216602
666,andhra pradesh,2018-09-01,28.509262
667,andhra pradesh,2018-10-01,30.6768748
668,andhra pradesh,2018-11-01,29.5819223
669,andhra pradesh,2018-12-01,25.2326761
670,andhra pradesh,2019-01-01,28.7280165
671,andhra pradesh,2019-02-01,34.811960329
672,andhra pradesh,2019-03-01,35.9517101
673,andhra pradesh,2019-04-01,41.7812455
674,andhra pradesh,2019-05-01,33.3689245
675,andhra pradesh,2019-06-01,42.2914258
676,andhra pradesh,2019-07-01,33.4120861
677,andhra pradesh,2019-08-01,33.2929323825
678,andhra pradesh,2019-09-01,32.4904858
679,andhra pradesh,2019-10-01,31.2567851
680,andhra pradesh,2019-11-01,45.2732228
681,andhra pradesh,2019-12-01,62.0
682,andhra pradesh,2020-01-01,52.0
683,andhra pradesh,2020-02-01,47.1
684,andhra pradesh,2020-03-01,48.0660423
685,andhra pradesh,2020-04-01,8.41
686,andhra pradesh,2020-05-01,18.39
687,andhra pradesh,2020-06-01,23.2
688,andhra pradesh,2020-07-01,44.317208218
689,andhra pradesh,2020-08-01,31.112641107
690,andhra pradesh,2020-09-01,41.553301408
691,andhra pradesh,2020-10-01,66.145998492
692,andhra pradesh,2020-11-01,43.888858344
693,andhra pradesh,2020-12-01,56.996589637
694,andhra pradesh,2021-01-01,64.518101801
695,andhra pradesh,2021-02-01,62.639008966
696,andhra pradesh,2021-03-01,53.960405053
697,andhra pradesh,2021-04-01,63.211842284
698,andhra pradesh,2021-05-01,44.169819352
699,andhra pradesh,2021-06-01,41.478061434
700,andhra pradesh,2021-07-01,81.877773503
701,andhra pradesh,2021-08-01,73.250248599
702,andhra pradesh,2021-09-01,58.048549104
703,andhra pradesh,2021-10-01,65.404869031
704,andhra pradesh,2021-11-01,57.473731896
705,andhra pradesh,2021-12-01,61.540936372
706,andhra pradesh,2022-01-01,82.050233661
707,andhra pradesh,2022-02-01,82.242453504
708,andhra pradesh,2022-03-01,78.408270997
709,andhra pradesh,2022-04-01,104.87562925
710,andhra pradesh,2022-05-01,96.253198949
711,andhra pradesh,2022-06-01,97.337050118
712,nagaland,2017-08-01,8.150066566
713,nagaland,2017-09-01,9.9493219
714,nagaland,2017-10-01,12.214177109
715,nagaland,2017-11-01,16.5077745
716,nagaland,2017-12-01,19.3845375
717,nagaland,2018-01-01,25.5734601
718,nagaland,2018-02-01,23.126357
719,nagaland,2018-03-01,18.3622908
720,nagaland,2018-04-01,24.5579785
721,nagaland,2018-05-01,24.5328241
722,nagaland,2018-06-01,26.5167231
723,nagaland,2018-07-01,27.2504089
724,nagaland,2018-08-01,33.449704609
725,nagaland,2018-09-01,23.2554199
726,nagaland,2018-10-01,26.7361493
727,nagaland,2018-11-01,26.1881466
728,nagaland,2018-12-01,30.0202076
729,nagaland,2019-01-01,23.520914
730,nagaland,2019-02-01,28.366080574
731,nagaland,2019-03-01,37.0156112
732,nagaland,2019-04-01,40.8216626
733,nagaland,2019-05-01,36.292649
734,nagaland,2019-06-01,35.6836544
735,nagaland,2019-07-01,32.0055769
736,nagaland,2019-08-01,34.0694814013
737,nagaland,2019-09-01,35.4043274
738,nagaland,2019-10-01,29.3776647
739,nagaland,2019-11-01,38.2461899
740,nagaland,2019-12-01,55.0
741,nagaland,2020-01-01,46.0
742,nagaland,2020-02-01,37.9
743,nagaland,2020-03-01,37.174439
744,nagaland,2020-04-01,6.68
745,nagaland,2020-05-01,14.19
746,nagaland,2020-06-01,23.5
747,nagaland,2020-07-01,38.000626795
748,nagaland,2020-08-01,29.270032946
749,nagaland,2020-09-01,39.298426688
750,nagaland,2020-10-01,64.52166018
751,nagaland,2020-11-01,39.998675755
752,nagaland,2020-12-01,50.372143497
753,nagaland,2021-01-01,49.498824833
754,nagaland,2021-02-01,51.376817194
755,nagaland,2021-03-01,44.984211988
756,nagaland,2021-04-01,55.446935719
757,nagaland,2021-05-01,26.982457519
758,nagaland,2021-06-01,33.870241509
759,nagaland,2021-07-01,55.519858269
760,nagaland,2021-08-01,74.432209514
761,nagaland,2021-09-01,55.7025582
762,nagaland,2021-10-01,53.391010627
763,nagaland,2021-11-01,54.21677833
764,nagaland,2021-12-01,52.177965664
765,nagaland,2022-01-01,64.325262073
766,nagaland,2022-02-01,55.424290574
767,nagaland,2022-03-01,52.582533117
768,nagaland,2022-04-01,65.527083052
769,nagaland,2022-05-01,59.045443911
770,nagaland,2022-06-01,55.846047161
771,manipur,2017-08-01,11.099198551
772,manipur,2017-09-01,17.1885536
773,manipur,2017-10-01,19.469384612
774,manipur,2017-11-01,24.7376419
775,manipur,2017-12-01,28.7596799
776,manipur,2018-01-01,29.2038965
777,manipur,2018-02-01,41.1742725
778,manipur,2018-03-01,39.2839478
779,manipur,2018-04-01,36.9061369
780,manipur,2018-05-01,31.9977245
781,manipur,2018-06-01,35.2992529
782,manipur,2018-07-01,47.873457
783,manipur,2018-08-01,32.864740627
784,manipur,2018-09-01,28.3226841
785,manipur,2018-10-01,32.6916008
786,manipur,2018-11-01,37.3986429
787,manipur,2018-12-01,42.3639145
788,manipur,2019-01-01,40.8559121
789,manipur,2019-02-01,42.911170175
790,manipur,2019-03-01,47.9871711
791,manipur,2019-04-01,44.4496639
792,manipur,2019-05-01,39.4548974
793,manipur,2019-06-01,49.6998137
794,manipur,2019-07-01,47.9257277
795,manipur,2019-08-01,46.5997394597
796,manipur,2019-09-01,48.5183463
797,manipur,2019-10-01,38.5806374
798,manipur,2019-11-01,56.772349
799,manipur,2020-02-01,55.5
800,manipur,2020-03-01,42.2485575
801,manipur,2020-04-01,6.56
802,manipur,2020-05-01,28.75
803,manipur,2020-06-01,25.2
804,manipur,2020-07-01,57.434823585
805,manipur,2020-08-01,27.496431886
806,manipur,2020-09-01,56.355209849
807,manipur,2020-10-01,82.426013231
808,manipur,2020-11-01,63.114322462
809,manipur,2020-12-01,74.062768213
810,manipur,2021-01-01,71.914097342
811,manipur,2021-02-01,65.396401458
812,manipur,2021-03-01,65.174018771
813,manipur,2021-04-01,65.80305166
814,manipur,2021-05-01,33.725217855
815,manipur,2021-06-01,42.536459803
816,manipur,2021-07-01,71.454009959
817,manipur,2021-08-01,73.251939151
818,manipur,2021-09-01,69.626843977
819,manipur,2021-10-01,72.964909418
820,manipur,2021-11-01,74.343010667
821,manipur,2021-12-01,71.664948718
822,manipur,2022-01-01,86.596845362
823,manipur,2022-02-01,75.988247272
824,manipur,2022-03-01,87.155349435
825,manipur,2022-04-01,86.926401432
826,manipur,2022-05-01,96.711207121
827,manipur,2022-06-01,88.735401469
828,mizoram,2017-08-01,6.538387603
829,mizoram,2017-09-01,9.244128
830,mizoram,2017-10-01,9.930500305
831,mizoram,2017-11-01,13.9832878
832,jharkhand,2020-01-01,268.0
833,mizoram,2017-12-01,20.481412
834,mizoram,2018-01-01,17.3329133
835,mizoram,2018-02-01,26.2002929
836,mizoram,2018-03-01,19.7974246
837,mizoram,2018-04-01,23.1280813
838,mizoram,2018-05-01,24.1978795
839,mizoram,2018-06-01,24.2266992
840,mizoram,2018-07-01,28.545005
841,mizoram,2018-08-01,30.013113324
842,mizoram,2018-09-01,22.8817155
843,mizoram,2018-10-01,25.4267745
844,mizoram,2018-11-01,27.1474727
845,mizoram,2018-12-01,25.3643987
846,mizoram,2019-01-01,29.8132177
847,mizoram,2019-02-01,24.215895002
848,mizoram,2019-03-01,31.0630939
849,mizoram,2019-04-01,32.4947866
850,mizoram,2019-05-01,35.3415289
851,mizoram,2019-06-01,30.9505532
852,mizoram,2019-07-01,25.6407534
853,mizoram,2019-08-01,26.3167148418
854,mizoram,2019-09-01,29.0827415
855,mizoram,2019-10-01,28.8635142
856,mizoram,2019-11-01,37.4652099
857,mizoram,2019-12-01,42.0
858,mizoram,2020-01-01,34.0
859,mizoram,2020-02-01,37.5
860,mizoram,2020-03-01,29.4770571
861,mizoram,2020-04-01,8.32
862,mizoram,2020-05-01,14.21
863,mizoram,2020-06-01,24.0
864,mizoram,2020-07-01,37.756285723
865,mizoram,2020-08-01,29.599583562
866,mizoram,2020-09-01,31.406492526
867,mizoram,2020-10-01,43.495982065
868,mizoram,2020-11-01,35.567693609
869,mizoram,2020-12-01,48.485182406
870,mizoram,2021-01-01,42.885414974
871,mizoram,2021-02-01,44.421495037
872,mizoram,2021-03-01,42.568098661
873,mizoram,2021-04-01,58.349286135
874,mizoram,2021-05-01,21.885488262
875,mizoram,2021-06-01,28.562641287
876,mizoram,2021-07-01,53.423377472
877,mizoram,2021-08-01,44.003480816
878,mizoram,2021-09-01,38.231807481
879,mizoram,2021-10-01,40.569139976
880,mizoram,2021-11-01,49.193665888
881,mizoram,2021-12-01,43.109038309
882,mizoram,2022-01-01,63.65246645
883,mizoram,2022-02-01,52.784318449
884,mizoram,2022-03-01,62.380109872
885,mizoram,2022-04-01,63.014402881
886,mizoram,2022-05-01,55.13826312
887,mizoram,2022-06-01,56.276901889
888,tripura,2017-08-01,15.950627469
889,tripura,2017-09-01,23.5547817
890,tripura,2017-10-01,35.995233285
891,tripura,2017-11-01,34.1639998
892,tripura,2017-12-01,44.3228879
893,tripura,2018-01-01,43.9051765
894,tripura,2018-02-01,45.5128238
895,tripura,2018-03-01,38.0336464
896,tripura,2018-04-01,44.6361971
897,tripura,2018-05-01,43.7218549
898,tripura,2018-06-01,43.3662601
899,tripura,2018-07-01,49.6665831
900,tripura,2018-08-01,44.37445905
901,tripura,2018-09-01,38.9206715
902,tripura,2018-10-01,44.7122828
903,tripura,2018-11-01,47.2566803
904,tripura,2018-12-01,48.2490332
905,tripura,2019-01-01,48.6595573
906,tripura,2019-02-01,45.016901798
907,tripura,2019-03-01,55.2347698
908,tripura,2019-04-01,58.7161806
909,tripura,2019-05-01,53.7745235
910,tripura,2019-06-01,59.1969532
911,tripura,2019-07-01,56.2772145
912,tripura,2019-08-01,44.1039229991
913,tripura,2019-09-01,50.1366787
914,tripura,2019-10-01,43.7032988
915,tripura,2019-11-01,54.4916046
916,tripura,2019-12-01,52.0
917,tripura,2020-02-01,51.1
918,tripura,2020-03-01,56.6761789
919,tripura,2020-04-01,4.21
920,tripura,2020-05-01,23.85
921,tripura,2020-06-01,35.2
922,tripura,2020-07-01,70.675368477
923,tripura,2020-08-01,46.274671736
924,tripura,2020-09-01,68.595733538
925,tripura,2020-10-01,66.937901608
926,tripura,2020-11-01,66.156410855
927,tripura,2020-12-01,60.235476173
928,tripura,2021-01-01,60.182866243
929,tripura,2021-02-01,57.146982146
930,tripura,2021-03-01,53.039537493
931,tripura,2021-04-01,79.510432223
932,tripura,2021-05-01,45.357734677
933,tripura,2021-06-01,55.966669585
934,tripura,2021-07-01,76.332013294
935,tripura,2021-08-01,70.68075567
936,tripura,2021-09-01,63.290820386
937,tripura,2021-10-01,70.602405547
938,tripura,2021-11-01,66.778947974
939,tripura,2021-12-01,66.857000227
940,tripura,2022-01-01,85.197781435
941,tripura,2022-02-01,77.140772635
942,tripura,2022-03-01,76.841827373
943,tripura,2022-04-01,87.512732725
944,tripura,2022-05-01,73.708278848
945,tripura,2022-06-01,71.57208312
946,meghalaya,2017-08-01,12.33203566
947,meghalaya,2017-09-01,22.0538805
948,meghalaya,2017-10-01,24.890691734
949,meghalaya,2017-11-01,25.3175235
950,meghalaya,2017-12-01,26.2695814
951,meghalaya,2018-01-01,34.6984196
952,meghalaya,2018-02-01,32.4356094
953,meghalaya,2018-03-01,28.5944671
954,meghalaya,2018-04-01,29.1903738
955,meghalaya,2018-05-01,28.2198561
956,meghalaya,2018-06-01,35.0414609
957,meghalaya,2018-07-01,38.4806982
958,meghalaya,2018-08-01,39.302702655
959,meghalaya,2018-09-01,34.4274404
960,meghalaya,2018-10-01,38.2114302
961,meghalaya,2018-11-01,38.5043884
962,meghalaya,2018-12-01,42.322012
963,meghalaya,2019-01-01,31.9438953
964,meghalaya,2019-02-01,32.599800608
965,meghalaya,2019-03-01,29.6028942
966,meghalaya,2019-04-01,51.6665344
967,meghalaya,2019-05-01,44.1762257
968,meghalaya,2019-06-01,48.7546049
969,meghalaya,2019-07-01,46.7392798
970,meghalaya,2019-08-01,36.6243447968
971,meghalaya,2019-09-01,39.5350328
972,meghalaya,2019-10-01,37.2071815
973,meghalaya,2019-11-01,52.2418561
974,meghalaya,2019-12-01,53.0
975,meghalaya,2020-01-01,51.0
976,meghalaya,2020-02-01,53.0
977,meghalaya,2020-03-01,34.7335924
978,meghalaya,2020-04-01,4.47
979,meghalaya,2020-05-01,12.54
980,meghalaya,2020-06-01,21.8
981,meghalaya,2020-07-01,44.483122176
982,meghalaya,2020-08-01,34.49421047
983,meghalaya,2020-09-01,43.629258145
984,meghalaya,2020-10-01,61.658158383
985,meghalaya,2020-11-01,45.345069609
986,meghalaya,2020-12-01,59.067761279
987,meghalaya,2021-01-01,53.600941831
988,meghalaya,2021-02-01,49.456038055
989,meghalaya,2021-03-01,45.390125952
990,meghalaya,2021-04-01,60.955572411
991,meghalaya,2021-05-01,29.796351849
992,meghalaya,2021-06-01,33.729750959
993,meghalaya,2021-07-01,60.08644069
994,meghalaya,2021-08-01,70.929385461
995,meghalaya,2021-09-01,71.660495509
996,meghalaya,2021-10-01,64.130796094
997,meghalaya,2021-11-01,58.885501745
998,meghalaya,2021-12-01,57.159395911
999,meghalaya,2022-01-01,81.280005628
1000,meghalaya,2022-02-01,71.349355683
1001,meghalaya,2022-03-01,63.704407114
1002,meghalaya,2022-04-01,84.488631483
1003,meghalaya,2022-05-01,74.853454909
1004,meghalaya,2022-06-01,79.705997932
1005,assam,2017-08-01,121.128944887
1006,assam,2017-09-01,166.1934243
1007,assam,2017-10-01,236.574922067
1008,assam,2017-11-01,255.5112174
1009,assam,2017-12-01,285.7306332
1010,assam,2018-01-01,309.8890836
1011,assam,2018-02-01,311.6080085
1012,assam,2018-03-01,291.2671554
1013,assam,2018-04-01,299.189345
1014,assam,2018-05-01,254.3449946
1015,assam,2018-06-01,358.3514124
1016,assam,2018-07-01,346.3662642
1017,assam,2018-08-01,324.780993732
1018,assam,2018-09-01,294.7119608
1019,assam,2018-10-01,309.4792186
1020,assam,2018-11-01,356.3901604
1021,assam,2018-12-01,341.6864781
1022,assam,2019-01-01,305.7701211
1023,assam,2019-02-01,334.66667203
1024,assam,2019-03-01,341.5806813
1025,assam,2019-04-01,363.5120152
1026,assam,2019-05-01,366.7313257
1027,assam,2019-06-01,420.1849909
1028,assam,2019-07-01,381.6592907
1029,assam,2019-08-01,310.5236271809
1030,assam,2019-09-01,343.6597698
1031,assam,2019-10-01,289.0560255
1032,assam,2019-11-01,455.8306501
1033,assam,2019-12-01,352.0
1034,assam,2020-02-01,357.2
1035,assam,2020-03-01,331.7145769
1036,assam,2020-04-01,47.3
1037,assam,2020-05-01,171.49
1038,assam,2020-06-01,226.8
1039,assam,2020-07-01,324.652077049
1040,assam,2020-08-01,275.844193838
1041,assam,2020-09-01,395.835237499
1042,assam,2020-10-01,502.408739111
1043,assam,2020-11-01,432.240586107
1044,assam,2020-12-01,413.665805383
1045,assam,2021-01-01,483.792520823
1046,assam,2021-02-01,428.231782154
1047,assam,2021-03-01,451.023316059
1048,assam,2021-04-01,512.734187386
1049,assam,2021-05-01,319.146349057
1050,assam,2021-06-01,401.71276081
1051,assam,2021-07-01,486.087560069
1052,assam,2021-08-01,440.236142392
1053,assam,2021-09-01,447.383993524
1054,assam,2021-10-01,429.206197567
1055,assam,2021-11-01,466.644821605
1056,assam,2021-12-01,430.820929463
1057,assam,2022-01-01,558.215002116
1058,assam,2022-02-01,497.8266223
1059,assam,2022-03-01,523.78377351
1060,assam,2022-04-01,523.548255343
1061,assam,2022-05-01,570.101526845
1062,assam,2022-06-01,526.480996207
1063,west bengal,2017-08-01,329.732899296
1064,west bengal,2017-09-01,566.610223
1065,west bengal,2017-10-01,734.761652593
1066,west bengal,2017-11-01,737.191482
1067,west bengal,2017-12-01,734.7670865
1068,west bengal,2018-01-01,826.744435
1069,west bengal,2018-02-01,648.2685339
1070,west bengal,2018-03-01,745.8531767
1071,west bengal,2018-04-01,657.4994638
1072,west bengal,2018-05-01,728.0861818
1073,west bengal,2018-06-01,819.7338726
1074,west bengal,2018-07-01,896.4697389
1075,west bengal,2018-08-01,731.220864851
1076,west bengal,2018-09-01,730.4924193
1077,west bengal,2018-10-01,799.324715
1078,west bengal,2018-11-01,774.9020482
1079,west bengal,2018-12-01,701.0985132
1080,west bengal,2019-01-01,854.3566308
1081,west bengal,2019-02-01,818.22061362
1082,west bengal,2019-03-01,705.4709338
1083,west bengal,2019-04-01,737.4552754
1084,west bengal,2019-05-01,682.2720694
1085,west bengal,2019-06-01,733.8391919
1086,west bengal,2019-07-01,1051.5328062
1087,west bengal,2019-08-01,904.8228622461
1088,west bengal,2019-09-01,866.9867192
1089,west bengal,2019-10-01,828.1399943
1090,west bengal,2019-11-01,1013.1321102
1091,west bengal,2019-12-01,797.0
1092,west bengal,2020-01-01,897.0
1093,west bengal,2020-02-01,784.0
1094,west bengal,2020-03-01,772.8202863
1095,west bengal,2020-04-01,155.14
1096,west bengal,2020-05-01,438.46
1097,west bengal,2020-06-01,503.2
1098,west bengal,2020-07-01,835.686175435
1099,west bengal,2020-08-01,772.405302044
1100,west bengal,2020-09-01,843.408756144
1101,west bengal,2020-10-01,1083.807134262
1102,west bengal,2020-11-01,1003.501659686
1103,west bengal,2020-12-01,922.147916273
1104,west bengal,2021-01-01,1029.190026194
1105,west bengal,2021-02-01,877.539674034
1106,west bengal,2021-03-01,879.17495961
1107,west bengal,2021-04-01,1130.539543005
1108,west bengal,2021-05-01,723.474466608
1109,west bengal,2021-06-01,782.562000945
1110,west bengal,2021-07-01,1047.206734406
1111,west bengal,2021-08-01,1106.55743737
1112,west bengal,2021-09-01,1217.684381641
1113,west bengal,2021-10-01,1024.779223686
1114,west bengal,2021-11-01,928.65730894
1115,west bengal,2021-12-01,862.423777002
1116,west bengal,2022-01-01,1125.704829376
1117,west bengal,2022-02-01,1116.057863177
1118,west bengal,2022-03-01,1257.879425349
1119,west bengal,2022-04-01,1179.396603558
1120,west bengal,2022-05-01,1074.150106195
1121,west bengal,2022-06-01,1169.049008159
1122,jharkhand,2017-08-01,127.04108541
1123,jharkhand,2017-09-01,69.6643136
1124,jharkhand,2017-10-01,125.768509918
1125,jharkhand,2017-11-01,156.3578321
1126,jharkhand,2017-12-01,166.170047
1127,jharkhand,2018-01-01,135.4184163
1128,jharkhand,2018-02-01,168.4492922
1129,jharkhand,2018-03-01,145.0262313
1130,jharkhand,2018-04-01,101.176828
1131,jharkhand,2018-05-01,141.8986262
1132,jharkhand,2018-06-01,161.1489978
1133,jharkhand,2018-07-01,184.6294021
1134,jharkhand,2018-08-01,164.76536815
1135,jharkhand,2018-09-01,183.5921324
1136,jharkhand,2018-10-01,151.0703175
1137,jharkhand,2018-11-01,211.7142455
1138,jharkhand,2018-12-01,213.4896252
1139,jharkhand,2019-01-01,186.2505867
1140,jharkhand,2019-02-01,212.752169092
1141,jharkhand,2019-03-01,167.6512663
1142,jharkhand,2019-04-01,170.1280443
1143,jharkhand,2019-05-01,179.9699746
1144,jharkhand,2019-06-01,187.2751257
1145,jharkhand,2019-07-01,271.3554705
1146,jharkhand,2019-08-01,238.3517191774
1147,jharkhand,2019-09-01,244.129097
1148,jharkhand,2019-10-01,133.7428095
1149,jharkhand,2019-11-01,339.6533885
1150,jharkhand,2019-12-01,260.0
1151,jharkhand,2020-02-01,197.9
1152,jharkhand,2020-03-01,172.525056
1153,jharkhand,2020-04-01,44.14
1154,jharkhand,2020-05-01,108.36
1155,jharkhand,2020-06-01,154.3
1156,jharkhand,2020-07-01,228.389614846
1157,jharkhand,2020-08-01,236.398737627
1158,jharkhand,2020-09-01,285.572774793
1159,jharkhand,2020-10-01,306.037030304
1160,jharkhand,2020-11-01,308.827385911
1161,jharkhand,2020-12-01,284.209766131
1162,jharkhand,2021-01-01,256.890888432
1163,jharkhand,2021-02-01,153.30932987
1164,jharkhand,2021-03-01,154.163402219
1165,jharkhand,2021-04-01,150.03394828
1166,jharkhand,2021-05-01,109.993130179
1167,jharkhand,2021-06-01,204.221305096
1168,jharkhand,2021-07-01,348.339326014
1169,jharkhand,2021-08-01,334.686796164
1170,jharkhand,2021-09-01,274.714361375
1171,jharkhand,2021-10-01,293.612352313
1172,jharkhand,2021-11-01,290.954072807
1173,jharkhand,2021-12-01,288.133683907
1174,jharkhand,2022-01-01,247.316801976
1175,jharkhand,2022-02-01,165.454331876
1176,jharkhand,2022-03-01,111.012813359
1177,jharkhand,2022-04-01,256.098169459
1178,jharkhand,2022-05-01,240.927663392
1179,jharkhand,2022-06-01,200.500001373
1180,odisha,2017-08-01,182.260058906
1181,odisha,2017-09-01,251.7972436
1182,odisha,2017-10-01,331.197252548
1183,odisha,2017-11-01,282.8928678
1184,odisha,2017-12-01,323.6809193
1185,odisha,2018-01-01,370.5585237
1186,odisha,2018-02-01,314.071834
1187,odisha,2018-03-01,320.8743751
1188,odisha,2018-04-01,369.9829563
1189,odisha,2018-05-01,217.1975126
1190,odisha,2018-06-01,293.1409944
1191,odisha,2018-07-01,390.3550974
1192,odisha,2018-08-01,307.086709285
1193,odisha,2018-09-01,286.1715647
1194,odisha,2018-10-01,323.2094293
1195,odisha,2018-11-01,300.2831232
1196,odisha,2018-12-01,206.7748571
1197,odisha,2019-01-01,287.8008642
1198,odisha,2019-02-01,260.397331521
1199,odisha,2019-03-01,339.0664303
1200,odisha,2019-04-01,332.5181268
1201,odisha,2019-05-01,261.529411
1202,odisha,2019-06-01,276.6486259
1203,odisha,2019-07-01,391.6334957
1204,odisha,2019-08-01,356.4626505783
1205,odisha,2019-09-01,363.2162556
1206,odisha,2019-10-01,307.6951799
1207,odisha,2019-11-01,377.4681206
1208,odisha,2019-12-01,420.0
1209,odisha,2020-01-01,408.0
1210,odisha,2020-02-01,398.7
1211,odisha,2020-03-01,401.2294532
1212,odisha,2020-04-01,59.76
1213,odisha,2020-05-01,231.25
1214,odisha,2020-06-01,319.5
1215,odisha,2020-07-01,435.587300655
1216,odisha,2020-08-01,286.916736989
1217,odisha,2020-09-01,437.487462579
1218,odisha,2020-10-01,480.836285727
1219,odisha,2020-11-01,477.893967703
1220,odisha,2020-12-01,414.423430831
1221,odisha,2021-01-01,516.117390588
1222,odisha,2021-02-01,441.025011454
1223,odisha,2021-03-01,378.927456139
1224,odisha,2021-04-01,578.74481597
1225,odisha,2021-05-01,160.718327868
1226,odisha,2021-06-01,201.908962569
1227,odisha,2021-07-01,330.382389893
1228,odisha,2021-08-01,423.257422388
1229,odisha,2021-09-01,301.241124562
1230,odisha,2021-10-01,384.934065436
1231,odisha,2021-11-01,298.889727695
1232,odisha,2021-12-01,219.406651783
1233,odisha,2022-01-01,316.448763333
1234,odisha,2022-02-01,122.990918389
1235,odisha,2022-03-01,209.238310436
1236,odisha,2022-04-01,63.134837711
1237,odisha,2022-05-01,163.368386479
1238,odisha,2022-06-01,212.366105995
1239,chhattisgarh,2017-08-01,78.713129078
1240,chhattisgarh,2017-09-01,131.0922189
1241,chhattisgarh,2017-10-01,145.751945569
1242,chhattisgarh,2017-11-01,189.9101374
1243,chhattisgarh,2017-12-01,185.2418802
1244,chhattisgarh,2018-01-01,194.511671
1245,chhattisgarh,2018-02-01,169.1019107
1246,chhattisgarh,2018-03-01,187.0115425
1247,chhattisgarh,2018-04-01,159.3114377
1248,chhattisgarh,2018-05-01,122.4988156
1249,chhattisgarh,2018-06-01,147.7869552
1250,chhattisgarh,2018-07-01,206.7930175
1251,chhattisgarh,2018-08-01,161.309441332
1252,chhattisgarh,2018-09-01,150.5533877
1253,chhattisgarh,2018-10-01,215.4585372
1254,chhattisgarh,2018-11-01,193.2086624
1255,chhattisgarh,2018-12-01,178.9990192
1256,chhattisgarh,2019-01-01,65.8462367
1257,chhattisgarh,2019-02-01,184.533170754
1258,chhattisgarh,2019-03-01,140.1703574
1259,chhattisgarh,2019-04-01,140.3623907
1260,chhattisgarh,2019-05-01,132.0365725
1261,chhattisgarh,2019-06-01,146.4914908
1262,chhattisgarh,2019-07-01,235.3666149
1263,chhattisgarh,2019-08-01,191.4935907266
1264,chhattisgarh,2019-09-01,197.7905932
1265,chhattisgarh,2019-10-01,197.7888528
1266,chhattisgarh,2019-11-01,215.3789404
1267,chhattisgarh,2019-12-01,184.0
1268,chhattisgarh,2020-01-01,167.0
1269,chhattisgarh,2020-02-01,136.2
1270,chhattisgarh,2020-03-01,99.9981474
1271,chhattisgarh,2020-04-01,92.83
1272,chhattisgarh,2020-05-01,136.49
1273,chhattisgarh,2020-06-01,77.1
1274,chhattisgarh,2020-07-01,175.600329706
1275,chhattisgarh,2020-08-01,122.457348407
1276,chhattisgarh,2020-09-01,174.614892678
1277,chhattisgarh,2020-10-01,220.119692545
1278,chhattisgarh,2020-11-01,224.259853181
1279,chhattisgarh,2020-12-01,253.620838995
1280,chhattisgarh,2021-01-01,181.136141514
1281,chhattisgarh,2021-02-01,151.803375653
1282,madhya pradesh,2019-01-01,751.4803074
1283,chhattisgarh,2021-03-01,113.011028796
1284,chhattisgarh,2021-04-01,137.567922164
1285,chhattisgarh,2021-05-01,31.516317563
1286,chhattisgarh,2021-06-01,94.283549528
1287,chhattisgarh,2021-07-01,232.936316189
1288,chhattisgarh,2021-08-01,326.365302398
1289,chhattisgarh,2021-09-01,206.855023957
1290,chhattisgarh,2021-10-01,227.966240629
1291,chhattisgarh,2021-11-01,109.558472721
1292,chhattisgarh,2021-12-01,186.146044514
1293,chhattisgarh,2022-01-01,175.313990502
1294,chhattisgarh,2022-02-01,192.638581925
1295,chhattisgarh,2022-03-01,192.098271192
1296,chhattisgarh,2022-04-01,265.325338
1297,chhattisgarh,2022-05-01,105.347725653
1298,chhattisgarh,2022-06-01,164.846604853
1299,madhya pradesh,2017-08-01,313.688983339
1300,madhya pradesh,2017-09-01,381.7556475
1301,madhya pradesh,2017-10-01,657.421259441
1302,madhya pradesh,2017-11-01,628.5280066
1303,madhya pradesh,2017-12-01,667.7750893
1304,madhya pradesh,2018-01-01,587.1007314
1305,madhya pradesh,2018-02-01,607.3338283
1306,madhya pradesh,2018-03-01,539.5923671
1307,madhya pradesh,2018-04-01,774.5630856
1308,madhya pradesh,2018-05-01,575.6689963
1309,madhya pradesh,2018-06-01,736.5195793
1310,madhya pradesh,2018-07-01,805.1640569
1311,madhya pradesh,2018-08-01,703.84233927
1312,madhya pradesh,2018-09-01,698.6282852
1313,madhya pradesh,2018-10-01,733.2593334
1314,madhya pradesh,2018-11-01,849.7512542
1315,madhya pradesh,2018-12-01,790.4252095
1316,madhya pradesh,2019-02-01,753.476119314
1317,madhya pradesh,2019-03-01,759.2090517
1318,madhya pradesh,2019-04-01,820.4473724
1319,madhya pradesh,2019-05-01,757.023141
1320,madhya pradesh,2019-06-01,890.8289168
1321,madhya pradesh,2019-07-01,1058.7198272
1322,madhya pradesh,2019-08-01,803.5392472124
1323,madhya pradesh,2019-09-01,743.3615969
1324,madhya pradesh,2019-10-01,640.0017366
1325,madhya pradesh,2019-11-01,970.2787315
1326,madhya pradesh,2019-12-01,837.0
1327,madhya pradesh,2020-01-01,870.0
1328,madhya pradesh,2020-02-01,815.8
1329,madhya pradesh,2020-03-01,720.0168972
1330,madhya pradesh,2020-04-01,101.97
1331,madhya pradesh,2020-05-01,360.83
1332,madhya pradesh,2020-06-01,455.2
1333,madhya pradesh,2020-07-01,1011.532533023
1334,madhya pradesh,2020-08-01,785.553715965
1335,madhya pradesh,2020-09-01,854.658398797
1336,madhya pradesh,2020-10-01,979.947517452
1337,madhya pradesh,2020-11-01,979.347937194
1338,madhya pradesh,2020-12-01,1019.657167945
1339,madhya pradesh,2021-01-01,837.875325673
1340,madhya pradesh,2021-02-01,827.428136046
1341,madhya pradesh,2021-03-01,868.713301584
1342,madhya pradesh,2021-04-01,1051.591211628
1343,madhya pradesh,2021-05-01,609.789797847
1344,madhya pradesh,2021-06-01,785.847615397
1345,madhya pradesh,2021-07-01,1330.31864614
1346,madhya pradesh,2021-08-01,1098.55910087
1347,madhya pradesh,2021-09-01,1008.567750887
1348,madhya pradesh,2021-10-01,1024.933656701
1349,madhya pradesh,2021-11-01,1124.018562436
1350,madhya pradesh,2021-12-01,950.571937132
1351,madhya pradesh,2022-01-01,1111.421335286
1352,madhya pradesh,2022-02-01,973.062656771
1353,madhya pradesh,2022-03-01,1013.984056285
1354,madhya pradesh,2022-04-01,1314.969581582
1355,madhya pradesh,2022-05-01,1141.165985721
1356,madhya pradesh,2022-06-01,1202.463421919
1357,gujarat,2017-08-01,273.38
1358,gujarat,2017-09-01,559.8575986
1359,gujarat,2017-10-01,724.973432957
1360,gujarat,2017-11-01,602.3443531
1361,gujarat,2017-12-01,741.9420601
1362,gujarat,2018-01-01,762.4133355
1363,gujarat,2018-02-01,690.3083574
1364,gujarat,2018-03-01,687.2331474
1365,gujarat,2018-04-01,552.9103512
1366,gujarat,2018-05-01,473.2623522
1367,gujarat,2018-06-01,615.0573104
1368,gujarat,2018-07-01,739.1578318
1369,gujarat,2018-08-01,588.563368998
1370,gujarat,2018-09-01,695.0626557
1371,gujarat,2018-10-01,522.6193777
1372,gujarat,2018-11-01,586.6011452
1373,gujarat,2018-12-01,554.8232955
1374,gujarat,2019-01-01,426.1356998
1375,gujarat,2019-02-01,627.6491454
1376,gujarat,2019-03-01,423.3643422
1377,gujarat,2019-04-01,590.6642985
1378,gujarat,2019-05-01,438.9174336
1379,gujarat,2019-06-01,419.1660107
1380,gujarat,2019-07-01,1115.1512364
1381,gujarat,2019-08-01,838.7077612652
1382,gujarat,2019-09-01,829.6878591
1383,gujarat,2019-10-01,407.027685
1384,gujarat,2019-11-01,437.3657653
1385,gujarat,2019-12-01,563.0
1386,gujarat,2020-01-01,656.0
1387,gujarat,2020-02-01,674.6
1388,gujarat,2020-03-01,479.4454327
1389,gujarat,2020-04-01,35.96
1390,gujarat,2020-05-01,491.26
1391,gujarat,2020-06-01,357.4
1392,gujarat,2020-07-01,613.8704593
1393,gujarat,2020-08-01,396.568429092
1394,gujarat,2020-09-01,452.499246198
1395,gujarat,2020-10-01,470.517007168
1396,gujarat,2020-11-01,456.910824335
1397,gujarat,2020-12-01,475.482476815
1398,gujarat,2021-01-01,748.644730242
1399,gujarat,2021-02-01,788.949769146
1400,gujarat,2021-03-01,708.531675773
1401,gujarat,2021-04-01,956.073589471
1402,gujarat,2021-05-01,594.251008899
1403,gujarat,2021-06-01,793.004292736
1404,gujarat,2021-07-01,1188.745778949
1405,gujarat,2021-08-01,1326.17530576
1406,gujarat,2021-09-01,1162.699442513
1407,gujarat,2021-10-01,1048.036817888
1408,gujarat,2021-11-01,798.783824195
1409,gujarat,2021-12-01,1139.417026986
1410,gujarat,2022-01-01,1408.8364389
1411,gujarat,2022-02-01,1179.74089948
1412,gujarat,2022-03-01,1449.464529323
1413,gujarat,2022-04-01,1161.476943273
1414,gujarat,2022-05-01,1120.877438115
1415,gujarat,2022-06-01,1226.308648945
1416,maharashtra,2017-08-01,1001.434245562
1417,maharashtra,2017-09-01,1266.8928029
1418,maharashtra,2017-10-01,1440.505756143
1419,maharashtra,2017-11-01,1678.1984419
1420,maharashtra,2017-12-01,1738.009577
1421,maharashtra,2018-01-01,1976.4236996
1422,maharashtra,2018-02-01,1476.8190901
1423,maharashtra,2018-03-01,1253.8668729
1424,maharashtra,2018-04-01,1616.1902801
1425,maharashtra,2018-05-01,1120.52626
1426,maharashtra,2018-06-01,1479.4520141
1427,maharashtra,2018-07-01,1670.0955481
1428,maharashtra,2018-08-01,1527.802595467
1429,maharashtra,2018-09-01,1512.3526512
1430,maharashtra,2018-10-01,1786.5537235
1431,maharashtra,2018-11-01,1613.2561063
1432,maharashtra,2018-12-01,1711.0775997
1433,maharashtra,2019-01-01,1716.9328912
1434,maharashtra,2019-02-01,2075.866836224
1435,maharashtra,2019-03-01,1233.5976717
1436,maharashtra,2019-04-01,1731.6513965
1437,maharashtra,2019-05-01,1233.2086844
1438,maharashtra,2019-06-01,497.9059602
1439,maharashtra,2019-07-01,2463.3605968
1440,maharashtra,2019-08-01,2050.1477498306
1441,maharashtra,2019-09-01,1584.1062151
1442,maharashtra,2019-10-01,1682.2866971
1443,maharashtra,2019-11-01,1720.2625393
1444,maharashtra,2019-12-01,2176.0
1445,maharashtra,2020-01-01,2203.0
1446,maharashtra,2020-02-01,1909.0
1447,maharashtra,2020-03-01,1439.8601927
1448,maharashtra,2020-04-01,-330.74
1449,maharashtra,2020-05-01,1085.29
1450,maharashtra,2020-06-01,1339.4
1451,maharashtra,2020-07-01,2113.695826105
1452,maharashtra,2020-08-01,1258.258983162
1453,maharashtra,2020-09-01,1412.560147721
1454,maharashtra,2020-10-01,1562.872600995
1455,maharashtra,2020-11-01,1378.530796989
1456,maharashtra,2020-12-01,1960.558742212
1457,maharashtra,2021-01-01,1792.987802893
1458,maharashtra,2021-02-01,2006.223175457
1459,maharashtra,2021-03-01,1989.456079469
1460,maharashtra,2021-04-01,1978.053797961
1461,maharashtra,2021-05-01,699.32
1462,maharashtra,2021-06-01,1930.251307801
1463,maharashtra,2021-07-01,2568.564010142
1464,maharashtra,2021-08-01,2732.925438612
1465,maharashtra,2021-09-01,2825.02611141
1466,maharashtra,2021-10-01,2531.822356909
1467,maharashtra,2021-11-01,2631.558555541
1468,maharashtra,2021-12-01,3207.454579362
1469,maharashtra,2022-01-01,3330.67757866
1470,maharashtra,2022-02-01,2273.462055396
1471,maharashtra,2022-03-01,3249.472726986
1472,maharashtra,2022-04-01,3023.615131321
1473,maharashtra,2022-05-01,2443.264326874
1474,maharashtra,2022-06-01,2770.828079989
1475,andhra pradesh,2017-08-01,386.41
1476,andhra pradesh,2017-09-01,528.0918297
1477,andhra pradesh,2017-10-01,690.384341853
1478,andhra pradesh,2017-11-01,637.8461399
1479,andhra pradesh,2017-12-01,636.9552157
1480,andhra pradesh,2018-01-01,763.8478294
1481,andhra pradesh,2018-02-01,795.1748246
1482,andhra pradesh,2018-03-01,722.3513124
1483,andhra pradesh,2018-04-01,825.7719651
1484,andhra pradesh,2018-05-01,655.5942962
1485,andhra pradesh,2018-06-01,748.6271535
1486,andhra pradesh,2018-07-01,836.7231964
1487,andhra pradesh,2018-08-01,721.91041049
1488,andhra pradesh,2018-09-01,807.6015726
1489,andhra pradesh,2018-10-01,773.8860864
1490,andhra pradesh,2018-11-01,907.3458714
1491,andhra pradesh,2018-12-01,789.9433248
1492,andhra pradesh,2019-01-01,826.7710692
1493,andhra pradesh,2019-02-01,944.73972002
1494,andhra pradesh,2019-03-01,823.6296597
1495,andhra pradesh,2019-04-01,934.9483965
1496,andhra pradesh,2019-05-01,828.3555657
1497,andhra pradesh,2019-06-01,869.7878926
1498,andhra pradesh,2019-07-01,938.238616
1499,andhra pradesh,2019-08-01,781.2106156849
1500,andhra pradesh,2019-09-01,846.8056446
1501,andhra pradesh,2019-10-01,768.4012516
1502,andhra pradesh,2019-11-01,998.8298099
1503,andhra pradesh,2019-12-01,815.0
1504,andhra pradesh,2020-01-01,963.0
1505,andhra pradesh,2020-02-01,903.3
1506,andhra pradesh,2020-03-01,867.4340155
1507,andhra pradesh,2020-04-01,144.48
1508,andhra pradesh,2020-05-01,366.73
1509,andhra pradesh,2020-06-01,546.9
1510,andhra pradesh,2020-07-01,1025.143344246
1511,andhra pradesh,2020-08-01,827.384936482
1512,andhra pradesh,2020-09-01,1065.306970512
1513,andhra pradesh,2020-10-01,1156.461870551
1514,andhra pradesh,2020-11-01,824.130541583
1515,andhra pradesh,2020-12-01,749.174353426
1516,andhra pradesh,2021-01-01,1007.406540567
1517,andhra pradesh,2021-02-01,768.539722758
1518,andhra pradesh,2021-03-01,802.99958895
1519,andhra pradesh,2021-04-01,1186.290881239
1520,andhra pradesh,2021-05-01,639.255214508
1521,andhra pradesh,2021-06-01,852.871211489
1522,andhra pradesh,2021-07-01,1286.175013921
1523,andhra pradesh,2021-08-01,1196.982651161
1524,andhra pradesh,2021-09-01,1268.196324032
1525,andhra pradesh,2021-10-01,1169.077368291
1526,andhra pradesh,2021-11-01,1202.613586435
1527,andhra pradesh,2021-12-01,912.45334483
1528,andhra pradesh,2022-01-01,1173.440828729
1529,andhra pradesh,2022-02-01,883.718608417
1530,andhra pradesh,2022-03-01,895.183596477
1531,andhra pradesh,2022-04-01,1092.567706144
1532,andhra pradesh,2022-05-01,847.086653277
1533,andhra pradesh,2022-06-01,961.321531553
1534,karnataka,2017-08-01,582.090391835
1535,karnataka,2017-09-01,888.2144098
1536,karnataka,2017-10-01,1003.676534039
1537,karnataka,2017-11-01,1190.3280963
1538,karnataka,2017-12-01,1023.13355
1539,karnataka,2018-01-01,1175.9258922
1540,karnataka,2018-02-01,1085.0389317
1541,karnataka,2018-03-01,1079.0946817
1542,karnataka,2018-04-01,1207.9146982
1543,karnataka,2018-05-01,986.5766297
1544,karnataka,2018-06-01,1168.4572123
1545,karnataka,2018-07-01,1186.4872354
1546,karnataka,2018-08-01,1070.871904576
1547,karnataka,2018-09-01,1112.3654977
1548,karnataka,2018-10-01,1166.5877998
1549,karnataka,2018-11-01,1272.2736324
1550,karnataka,2018-12-01,1038.121053
1551,karnataka,2019-01-01,1111.6379458
1552,karnataka,2019-02-01,1212.717497759
1553,karnataka,2019-03-01,1066.0547747
1554,karnataka,2019-04-01,1175.3313956
1555,karnataka,2019-05-01,1139.5323167
1556,karnataka,2019-06-01,1092.5054258
1557,karnataka,2019-07-01,1629.4435264
1558,karnataka,2019-08-01,1341.2141446208
1559,karnataka,2019-09-01,1409.0194166
1560,karnataka,2019-10-01,1132.2728401
1561,karnataka,2019-11-01,1440.7435354
1562,karnataka,2019-12-01,1183.0
1563,karnataka,2020-01-01,1471.0
1564,karnataka,2020-02-01,1382.7
1565,karnataka,2020-03-01,1306.6913468
1566,karnataka,2020-04-01,264.53
1567,karnataka,2020-05-01,724.82
1568,karnataka,2020-06-01,960.8
1569,karnataka,2020-07-01,1616.118910429
1570,karnataka,2020-08-01,1389.079181227
1571,karnataka,2020-09-01,1478.802217245
1572,karnataka,2020-10-01,1656.445104453
1573,karnataka,2020-11-01,1336.699201728
1574,karnataka,2020-12-01,1227.449603612
1575,karnataka,2021-01-01,1505.306866826
1576,karnataka,2021-02-01,1445.051412217
1577,karnataka,2021-03-01,1390.405073196
1578,karnataka,2021-04-01,2040.483502319
1579,karnataka,2021-05-01,1056.289854888
1580,karnataka,2021-06-01,1250.656211566
1581,karnataka,2021-07-01,1886.471432477
1582,karnataka,2021-08-01,2068.208279399
1583,karnataka,2021-09-01,2340.562357602
1584,karnataka,2021-10-01,2159.702369099
1585,karnataka,2021-11-01,2292.273737427
1586,karnataka,2021-12-01,1451.792206751
1587,karnataka,2022-01-01,1875.229906875
1588,karnataka,2022-02-01,1857.083862976
1589,karnataka,2022-03-01,2156.065440248
1590,karnataka,2022-04-01,2099.78660839
1591,karnataka,2022-05-01,1852.849452541
1592,karnataka,2022-06-01,1967.068202958
1593,goa,2017-08-01,36.423539868
1594,goa,2017-09-01,47.988922
1595,goa,2017-10-01,52.860520857
1596,goa,2017-11-01,55.9639125
1597,goa,2017-12-01,67.0417705
1598,goa,2018-01-01,74.3987333
1599,goa,2018-02-01,54.9736472
1600,goa,2018-03-01,60.6348358
1601,goa,2018-04-01,50.0579867
1602,goa,2018-05-01,55.4805971
1603,goa,2018-06-01,66.1006898
1604,goa,2018-07-01,58.2209162
1605,goa,2018-08-01,48.389647615
1606,goa,2018-09-01,59.4976327
1607,goa,2018-10-01,75.4966229
1608,goa,2018-11-01,61.336977
1609,goa,2018-12-01,50.9360848
1610,goa,2019-01-01,68.4532145
1611,goa,2019-02-01,93.79546321
1612,goa,2019-03-01,65.8827905
1613,goa,2019-04-01,46.2248706
1614,goa,2019-05-01,57.0276393
1615,goa,2019-06-01,52.5432742
1616,goa,2019-07-01,61.5823566
1617,goa,2019-08-01,48.3333296885
1618,goa,2019-09-01,90.3163782
1619,goa,2019-10-01,56.363636
1620,goa,2019-11-01,82.0724439
1621,goa,2019-12-01,97.0
1622,goa,2020-01-01,133.0
1623,goa,2020-02-01,75.3
1624,goa,2020-03-01,64.0202528
1625,goa,2020-04-01,6.21
1626,goa,2020-05-01,30.62
1627,goa,2020-06-01,58.0
1628,goa,2020-07-01,57.149087255
1629,goa,2020-08-01,45.875178257
1630,goa,2020-09-01,45.434926592
1631,goa,2020-10-01,68.469375404
1632,goa,2020-11-01,63.010972537
1633,goa,2020-12-01,68.294266812
1634,goa,2021-01-01,88.832982332
1635,goa,2021-02-01,80.205078917
1636,goa,2021-03-01,65.896933442
1637,goa,2021-04-01,115.878028601
1638,goa,2021-05-01,49.807341164
1639,goa,2021-06-01,69.166114994
1640,goa,2021-07-01,89.950502336
1641,goa,2021-08-01,85.597244572
1642,goa,2021-09-01,93.191227138
1643,goa,2021-10-01,99.151976841
1644,goa,2021-11-01,99.341080551
1645,goa,2021-12-01,194.465358689
1646,goa,2022-01-01,122.817877605
1647,goa,2022-02-01,108.90558213
1648,goa,2022-03-01,114.236989646
1649,goa,2022-04-01,140.746391583
1650,goa,2022-05-01,99.914223769
1651,goa,2022-06-01,95.708726051
1652,lakshadweep,2017-08-01,0.920581973
1653,lakshadweep,2017-09-01,0.3019042
1654,lakshadweep,2017-10-01,0.235529103
1655,lakshadweep,2017-11-01,0.2504515
1656,lakshadweep,2017-12-01,0.3294455
1657,lakshadweep,2018-01-01,0.2777073
1658,lakshadweep,2018-02-01,0.4759568
1659,lakshadweep,2018-03-01,0.3462475
1660,lakshadweep,2018-04-01,0.5227495
1661,lakshadweep,2018-05-01,0.665733
1662,lakshadweep,2018-06-01,0.778403
1663,lakshadweep,2018-07-01,1.8161044
1664,lakshadweep,2018-08-01,0.630993168
1665,lakshadweep,2018-09-01,0.4752889
1666,lakshadweep,2018-10-01,1.6380038
1667,lakshadweep,2018-11-01,0.5454553
1668,lakshadweep,2018-12-01,0.4544373
1669,lakshadweep,2019-01-01,0.7441084
1670,lakshadweep,2019-02-01,1.255948943
1671,lakshadweep,2019-03-01,1.1314308
1672,lakshadweep,2019-04-01,1.3019923
1673,lakshadweep,2019-05-01,1.3473619
1674,lakshadweep,2019-06-01,0.6161942
1675,lakshadweep,2019-07-01,0.9227588
1676,lakshadweep,2019-08-01,1.9373163
1677,lakshadweep,2019-09-01,1.4142027
1678,lakshadweep,2019-10-01,2.7399527
1679,lakshadweep,2019-11-01,0.8877952
1680,lakshadweep,2019-12-01,2.0
1681,lakshadweep,2020-01-01,1.0
1682,lakshadweep,2020-02-01,1.6
1683,lakshadweep,2020-03-01,1.0605083
1684,lakshadweep,2020-04-01,0.54
1685,lakshadweep,2020-05-01,1.09
1686,lakshadweep,2020-06-01,0.8
1687,lakshadweep,2020-07-01,1.814887471
1688,lakshadweep,2020-08-01,1.683665211
1689,lakshadweep,2020-09-01,2.508928077
1690,lakshadweep,2020-10-01,1.197774756
1691,lakshadweep,2020-11-01,1.668028933
1692,lakshadweep,2020-12-01,1.937737041
1693,lakshadweep,2021-01-01,1.956812654
1694,lakshadweep,2021-02-01,2.050417339
1695,lakshadweep,2021-03-01,1.439736565
1696,lakshadweep,2021-04-01,2.115004515
1697,lakshadweep,2021-05-01,0.974549621
1698,lakshadweep,2021-06-01,1.400844586
1699,lakshadweep,2021-07-01,2.665917573
1700,lakshadweep,2021-08-01,4.122559048
1701,lakshadweep,2021-09-01,1.856324529
1702,lakshadweep,2021-10-01,2.401277844
1703,lakshadweep,2021-11-01,1.345715747
1704,lakshadweep,2021-12-01,1.430971876
1705,lakshadweep,2022-01-01,1.873360377
1706,lakshadweep,2022-02-01,1.2504748
1707,lakshadweep,2022-03-01,1.910096254
1708,lakshadweep,2022-04-01,2.435417758
1709,lakshadweep,2022-05-01,1.373559983
1710,lakshadweep,2022-06-01,1.68799551
1711,kerala,2017-08-01,451.742269355
1712,kerala,2017-09-01,763.457919
1713,kerala,2017-10-01,822.647490075
1714,kerala,2017-11-01,801.360586
1715,kerala,2017-12-01,795.9455212
1716,kerala,2018-01-01,826.895873
1717,kerala,2018-02-01,808.8209279
1718,kerala,2018-03-01,794.115441
1719,kerala,2018-04-01,802.0735383
1720,kerala,2018-05-01,785.9725366
1721,kerala,2018-06-01,879.8942916
1722,kerala,2018-07-01,848.4387648
1723,kerala,2018-08-01,746.209196194
1724,kerala,2018-09-01,651.8951596
1725,kerala,2018-10-01,1068.4303854
1726,kerala,2018-11-01,1014.3351074
1727,kerala,2018-12-01,816.8573629
1728,kerala,2019-01-01,862.2990815
1729,kerala,2019-02-01,845.72093125
1730,kerala,2019-03-01,792.8338115
1731,kerala,2019-04-01,871.1621582
1732,kerala,2019-05-01,849.2987844
1733,kerala,2019-06-01,921.5101036
1734,kerala,2019-07-01,911.5755034
1735,kerala,2019-08-01,815.6480695449
1736,kerala,2019-09-01,834.8542335
1737,kerala,2019-10-01,731.4597309
1738,kerala,2019-11-01,854.2691148
1739,kerala,2019-12-01,737.0
1740,kerala,2020-01-01,817.0
1741,kerala,2020-02-01,807.8
1742,kerala,2020-03-01,781.8416788
1743,kerala,2020-04-01,73.47
1744,kerala,2020-05-01,326.36
1745,kerala,2020-06-01,520.6
1746,kerala,2020-07-01,872.427569025
1747,kerala,2020-08-01,733.736125118
1748,kerala,2020-09-01,938.674842704
1749,kerala,2020-10-01,1025.882232091
1750,kerala,2020-11-01,865.183943333
1751,kerala,2020-12-01,999.085496779
1752,kerala,2021-01-01,1002.747009563
1753,kerala,2021-02-01,1017.786143805
1754,kerala,2021-03-01,967.090427082
1755,kerala,2021-04-01,1222.259613057
1756,kerala,2021-05-01,566.12776414
1757,kerala,2021-06-01,670.030777121
1758,kerala,2021-07-01,1088.267456097
1759,kerala,2021-08-01,1119.914806191
1760,kerala,2021-09-01,1257.79865746
1761,kerala,2021-10-01,1050.162419576
1762,kerala,2021-11-01,1110.398401872
1763,kerala,2021-12-01,1014.89715404
1764,kerala,2022-01-01,1199.761468385
1765,kerala,2022-02-01,1196.255074784
1766,kerala,2022-03-01,1194.889555414
1767,kerala,2022-04-01,1356.685043546
1768,kerala,2022-05-01,1156.161011366
1769,kerala,2022-06-01,1221.72352132
1770,tamil nadu,2017-08-01,462.469753825
1771,tamil nadu,2017-09-01,855.3551465
1772,tamil nadu,2017-10-01,952.644069597
1773,tamil nadu,2017-11-01,963.8744962
1774,tamil nadu,2017-12-01,1249.4496549
1775,tamil nadu,2018-01-01,1130.1085945
1776,tamil nadu,2018-02-01,733.0465649
1777,tamil nadu,2018-03-01,1056.0463289
1778,tamil nadu,2018-04-01,1086.2477052
1779,tamil nadu,2018-05-01,925.5195573
1780,tamil nadu,2018-06-01,1052.8042716
1781,tamil nadu,2018-07-01,1116.1659775
1782,tamil nadu,2018-08-01,1145.768339445
1783,tamil nadu,2018-09-01,1037.777851
1784,tamil nadu,2018-10-01,996.6069517
1785,tamil nadu,2018-11-01,1043.2862154
1786,tamil nadu,2018-12-01,992.6930715
1787,tamil nadu,2019-01-01,1047.3721694
1788,tamil nadu,2019-02-01,966.412253699
1789,tamil nadu,2019-03-01,1015.2911017
1790,tamil nadu,2019-04-01,1116.0847189
1791,tamil nadu,2019-05-01,1098.4326789
1792,tamil nadu,2019-06-01,892.1525312
1793,tamil nadu,2019-07-01,1445.062087
1794,tamil nadu,2019-08-01,1344.8893964277
1795,tamil nadu,2019-09-01,1250.3480697
1796,tamil nadu,2019-10-01,991.8094956
1797,tamil nadu,2019-11-01,940.5940579
1798,tamil nadu,2019-12-01,809.0
1799,tamil nadu,2020-01-01,1099.0
1800,tamil nadu,2020-02-01,1015.2
1801,tamil nadu,2020-03-01,997.5141859
1802,tamil nadu,2020-04-01,150.29
1803,tamil nadu,2020-05-01,745.62
1804,tamil nadu,2020-06-01,890.1
1805,tamil nadu,2020-07-01,1294.715788921
1806,tamil nadu,2020-08-01,663.691706405
1807,tamil nadu,2020-09-01,1008.716144886
1808,tamil nadu,2020-10-01,1115.559164773
1809,tamil nadu,2020-11-01,937.304809238
1810,tamil nadu,2020-12-01,987.48220001
1811,tamil nadu,2021-01-01,1488.955024931
1812,tamil nadu,2021-02-01,946.81177173
1813,tamil nadu,2021-03-01,983.99034571
1814,tamil nadu,2021-04-01,1590.874752031
1815,tamil nadu,2021-05-01,846.409922878
1816,tamil nadu,2021-06-01,1263.784783855
1817,tamil nadu,2021-07-01,1476.06941885
1818,tamil nadu,2021-08-01,1554.224444986
1819,tamil nadu,2021-09-01,1499.475275846
1820,tamil nadu,2021-10-01,1319.871294651
1821,tamil nadu,2021-11-01,1265.791965114
1822,tamil nadu,2021-12-01,1175.472311667
1823,tamil nadu,2022-01-01,1533.361704016
1824,tamil nadu,2022-02-01,1334.53827662
1825,tamil nadu,2022-03-01,2027.747771189
1826,tamil nadu,2022-04-01,1679.785417705
1827,tamil nadu,2022-05-01,1529.080527081
1828,tamil nadu,2022-06-01,1652.135271883
1829,puducherry,2017-08-01,21.070885549
1830,puducherry,2017-09-01,24.9159212
1831,puducherry,2017-10-01,16.470055293
1832,puducherry,2017-11-01,35.1945958
1833,puducherry,2017-12-01,29.7880134
1834,puducherry,2018-01-01,30.9931324
1835,puducherry,2018-02-01,33.3471329
1836,puducherry,2018-03-01,32.7996429
1837,puducherry,2018-04-01,32.1204349
1838,puducherry,2018-05-01,26.073068
1839,puducherry,2018-06-01,39.4267629
1840,puducherry,2018-07-01,31.1114672
1841,puducherry,2018-08-01,33.909049829
1842,puducherry,2018-09-01,34.7984574
1843,puducherry,2018-10-01,18.4438638
1844,puducherry,2018-11-01,38.6415489
1845,puducherry,2018-12-01,31.6871325
1846,puducherry,2019-01-01,28.9540267
1847,puducherry,2019-02-01,26.637616369
1848,puducherry,2019-03-01,32.3226121
1849,puducherry,2019-04-01,25.6684124
1850,puducherry,2019-05-01,30.5060888
1851,puducherry,2019-06-01,30.8087648
1852,puducherry,2019-07-01,27.8332926
1853,puducherry,2019-08-01,31.1562936064
1854,puducherry,2019-09-01,30.0664998
1855,puducherry,2019-10-01,18.6916572
1856,puducherry,2019-11-01,32.551452
1857,puducherry,2019-12-01,32.0
1858,puducherry,2020-01-01,31.0
1859,puducherry,2020-02-01,32.2
1860,puducherry,2020-03-01,33.2756485
1861,puducherry,2020-04-01,-0.13
1862,puducherry,2020-05-01,12.02
1863,puducherry,2020-06-01,17.5
1864,puducherry,2020-07-01,31.489675351
1865,puducherry,2020-08-01,25.527421944
1866,puducherry,2020-09-01,33.502662371
1867,puducherry,2020-10-01,38.645253534
1868,puducherry,2020-11-01,35.679247501
1869,puducherry,2020-12-01,43.288475835
1870,puducherry,2021-01-01,40.029075279
1871,puducherry,2021-02-01,36.773733552
1872,puducherry,2021-03-01,33.076847082
1873,puducherry,2021-04-01,47.209685665
1874,puducherry,2021-05-01,12.769007248
1875,puducherry,2021-06-01,30.767558692
1876,puducherry,2021-07-01,50.892135753
1877,puducherry,2021-08-01,60.353921447
1878,puducherry,2021-09-01,46.719557564
1879,puducherry,2021-10-01,40.869866151
1880,puducherry,2021-11-01,43.269232141
1881,puducherry,2021-12-01,36.514740026
1882,puducherry,2022-01-01,46.312125357
1883,puducherry,2022-02-01,38.646240337
1884,puducherry,2022-03-01,41.251002103
1885,puducherry,2022-04-01,55.438008637
1886,puducherry,2022-05-01,44.845011337
1887,puducherry,2022-06-01,52.959610383
1888,andaman and nicobar islands,2017-08-01,2.176033214
1889,andaman and nicobar islands,2017-09-01,5.4610824
1890,andaman and nicobar islands,2017-10-01,7.745768141
1891,andaman and nicobar islands,2017-11-01,8.0718455
1892,andaman and nicobar islands,2017-12-01,11.5861688
1893,andaman and nicobar islands,2018-01-01,13.265009
1894,andaman and nicobar islands,2018-02-01,9.7971395
1895,andaman and nicobar islands,2018-03-01,12.691864
1896,andaman and nicobar islands,2018-04-01,16.3535596
1897,andaman and nicobar islands,2018-05-01,12.5876195
1898,andaman and nicobar islands,2018-06-01,14.5082247
1899,andaman and nicobar islands,2018-07-01,11.323343
1900,andaman and nicobar islands,2018-08-01,13.93316438
1901,andaman and nicobar islands,2018-09-01,10.7718423
1902,andaman and nicobar islands,2018-10-01,14.5461643
1903,andaman and nicobar islands,2018-11-01,13.3198706
1904,andaman and nicobar islands,2018-12-01,12.6709734
1905,andaman and nicobar islands,2019-01-01,17.3860792
1906,andaman and nicobar islands,2019-02-01,19.164750152
1907,andaman and nicobar islands,2019-03-01,21.0575621
1908,andaman and nicobar islands,2019-04-01,20.6094664
1909,andaman and nicobar islands,2019-05-01,13.4254717
1910,andaman and nicobar islands,2019-06-01,15.0567018
1911,andaman and nicobar islands,2019-07-01,14.4740861
1912,andaman and nicobar islands,2019-08-01,19.3296606744
1913,andaman and nicobar islands,2019-09-01,12.5901674
1914,andaman and nicobar islands,2019-10-01,11.94397
1915,andaman and nicobar islands,2019-11-01,24.6472267
1916,andaman and nicobar islands,2019-12-01,26.0
1917,andaman and nicobar islands,2020-01-01,18.0
1918,andaman and nicobar islands,2020-02-01,16.8
1919,andaman and nicobar islands,2020-03-01,19.7172355
1920,andaman and nicobar islands,2020-04-01,2.31
1921,andaman and nicobar islands,2020-05-01,7.54
1922,andaman and nicobar islands,2020-06-01,14.1
1923,andaman and nicobar islands,2020-07-01,20.260607235
1924,andaman and nicobar islands,2020-08-01,13.852804799
1925,andaman and nicobar islands,2020-09-01,21.292840972
1926,andaman and nicobar islands,2020-10-01,25.888117704
1927,andaman and nicobar islands,2020-11-01,20.333538496
1928,andaman and nicobar islands,2020-12-01,20.996587723
1929,andaman and nicobar islands,2021-01-01,20.189540556
1930,andaman and nicobar islands,2021-02-01,20.329164332
1931,andaman and nicobar islands,2021-03-01,18.628743565
1932,andaman and nicobar islands,2021-04-01,20.825518686
1933,andaman and nicobar islands,2021-05-01,8.714420804
1934,andaman and nicobar islands,2021-06-01,10.848376853
1935,andaman and nicobar islands,2021-07-01,24.091540436
1936,andaman and nicobar islands,2021-08-01,17.604003256
1937,andaman and nicobar islands,2021-09-01,18.536109843
1938,andaman and nicobar islands,2021-10-01,19.516751559
1939,andaman and nicobar islands,2021-11-01,18.571357076
1940,andaman and nicobar islands,2021-12-01,21.651368256
1941,andaman and nicobar islands,2022-01-01,24.23577128
1942,andaman and nicobar islands,2022-02-01,20.928396857
1943,andaman and nicobar islands,2022-03-01,26.008171744
1944,andaman and nicobar islands,2022-04-01,23.651363928
1945,andaman and nicobar islands,2022-05-01,20.792247729
1946,andaman and nicobar islands,2022-06-01,22.785955789
1947,telangana,2017-08-01,418.553260299
1948,telangana,2017-09-01,669.352234
1949,telangana,2017-10-01,784.385585861
1950,telangana,2017-11-01,798.5656718
1951,telangana,2017-12-01,768.0167187
1952,telangana,2018-01-01,800.7645683
1953,telangana,2018-02-01,790.6715112
1954,telangana,2018-03-01,799.1125468
1955,telangana,2018-04-01,786.1069488
1956,telangana,2018-05-01,825.6715173
1957,telangana,2018-06-01,818.7360047
1958,telangana,2018-07-01,894.096601
1959,telangana,2018-08-01,858.071542409
1960,telangana,2018-09-01,868.1562424
1961,telangana,2018-10-01,844.8563795
1962,telangana,2018-11-01,927.3842858
1963,telangana,2018-12-01,827.1639688
1964,telangana,2019-01-01,794.8094852
1965,telangana,2019-02-01,934.764184908
1966,telangana,2019-03-01,789.2190943
1967,telangana,2019-04-01,911.8136052
1968,telangana,2019-05-01,797.6306998
1969,telangana,2019-06-01,793.3732169
1970,telangana,2019-07-01,1040.2577846
1971,telangana,2019-08-01,873.7289613702
1972,telangana,2019-09-01,912.9931452
1973,telangana,2019-10-01,785.5390788
1974,telangana,2019-11-01,944.7687816
1975,telangana,2019-12-01,712.0
1976,telangana,2020-01-01,964.0
1977,telangana,2020-02-01,842.3
1978,telangana,2020-03-01,855.6758528
1979,telangana,2020-04-01,197.55
1980,telangana,2020-05-01,363.62
1981,telangana,2020-06-01,572.3
1982,telangana,2020-07-01,950.942829902
1983,telangana,2020-08-01,982.148756289
1984,telangana,2020-09-01,1034.355322875
1985,telangana,2020-10-01,1076.876736504
1986,telangana,2020-11-01,1025.277775755
1987,telangana,2020-12-01,1024.686176499
1988,telangana,2021-01-01,1137.483742496
1989,telangana,2021-02-01,1116.643556238
1990,telangana,2021-03-01,1029.937421253
1991,telangana,2021-04-01,1254.167734841
1992,telangana,2021-05-01,764.263001129
1993,telangana,2021-06-01,925.421287997
1994,telangana,2021-07-01,1260.626192485
1995,telangana,2021-08-01,1452.187238039
1996,telangana,2021-09-01,1301.945395059
1997,telangana,2021-10-01,1193.871701601
1998,telangana,2021-11-01,1281.30284157
1999,telangana,2021-12-01,1138.950128198
2000,telangana,2022-01-01,1254.340765103
2001,telangana,2022-02-01,1303.874173052
2002,telangana,2022-03-01,1496.097258216
2003,telangana,2022-04-01,1498.553494785
2004,telangana,2022-05-01,1343.911876593
2005,telangana,2022-06-01,1423.614871748
2006,ladakh,2017-08-01,1.8243838484
2007,ladakh,2017-09-01,3.1179639753
2008,ladakh,2017-10-01,4.2828009709
2009,ladakh,2017-11-01,4.5767841003
2010,ladakh,2017-12-01,4.0834711357
2011,ladakh,2018-01-01,4.9106559586
2012,ladakh,2018-02-01,3.9453373863
2013,ladakh,2018-03-01,3.9109675866
2014,ladakh,2018-04-01,4.5828178559
2015,ladakh,2018-05-01,4.3059173008
2016,ladakh,2018-06-01,4.7719712933
2017,ladakh,2018-07-01,4.7632099818
2018,ladakh,2018-08-01,4.9380349957
2019,ladakh,2018-09-01,4.8322022025
2020,ladakh,2018-10-01,4.943653104
2021,ladakh,2018-11-01,5.8084224514
2022,ladakh,2018-12-01,5.0991761932
2023,ladakh,2019-01-01,4.9592429426
2024,ladakh,2019-02-01,3.6605011038
2025,ladakh,2019-03-01,5.8858583007
2026,ladakh,2019-04-01,5.5222244121
2027,ladakh,2019-05-01,5.3664429428
2028,ladakh,2019-06-01,5.9429122779
2029,ladakh,2019-07-01,6.2366875997
2030,ladakh,2019-08-01,3.7057397263
2031,ladakh,2019-09-01,2.7167478871
2032,ladakh,2019-10-01,2.7952491204
2033,ladakh,2019-11-01,4.3486564359
2034,ladakh,2019-12-01,7.5454450423
2035,ladakh,2020-01-01,5.9707434683
2036,ladakh,2020-02-01,5.5880035023
2037,ladakh,2020-03-01,4.6319324656
2038,ladakh,2020-04-01,
2039,ladakh,2020-05-01,1.59
2040,ladakh,2020-06-01,2.8
2041,ladakh,2020-07-01,16.190561023
2042,ladakh,2020-08-01,9.408348249
2043,ladakh,2020-09-01,14.909697788
2044,ladakh,2020-10-01,21.834217213
2045,ladakh,2020-11-01,14.624532567
2046,ladakh,2020-12-01,21.983008978
2047,ladakh,2021-01-01,12.598902528
2048,ladakh,2021-02-01,6.143815317
2049,ladakh,2021-03-01,4.001909864
2050,ladakh,2021-04-01,9.551018378
2051,ladakh,2021-05-01,2.996165591
2052,ladakh,2021-06-01,12.091889047
2053,ladakh,2021-07-01,29.535885944
2054,ladakh,2021-08-01,24.786702145
2055,ladakh,2021-09-01,25.052803065
2056,ladakh,2021-10-01,38.015018146
2057,ladakh,2021-11-01,30.024390599
2058,ladakh,2021-12-01,17.354842466
2059,ladakh,2022-01-01,19.578151161
2060,ladakh,2022-02-01,10.255114725
2061,ladakh,2022-03-01,7.572470268
2062,ladakh,2022-04-01,19.932712651
2063,ladakh,2022-05-01,14.623987982
2064,ladakh,2022-06-01,27.01026771
2065,the dadra and nagar haveli and daman and diu,2017-08-01,9.774893
2066,the dadra and nagar haveli and daman and diu,2017-09-01,10.7561221
2067,the dadra and nagar haveli and daman and diu,2017-10-01,2.19163929
2068,the dadra and nagar haveli and daman and diu,2017-11-01,19.2257585
2069,the dadra and nagar haveli and daman and diu,2017-12-01,9.5572789
2070,the dadra and nagar haveli and daman and diu,2018-01-01,21.1469026
2071,the dadra and nagar haveli and daman and diu,2018-02-01,15.5281445
2072,the dadra and nagar haveli and daman and diu,2018-03-01,5.962896
2073,the dadra and nagar haveli and daman and diu,2018-04-01,3.3056265
2074,the dadra and nagar haveli and daman and diu,2018-05-01,-1.858896
2075,the dadra and nagar haveli and daman and diu,2018-06-01,14.6225804
2076,the dadra and nagar haveli and daman and diu,2018-07-01,-2.192358
2077,the dadra and nagar haveli and daman and diu,2018-08-01,11.790509706
2078,the dadra and nagar haveli and daman and diu,2018-09-01,-1.4779312
2079,the dadra and nagar haveli and daman and diu,2018-10-01,17.7075608
2080,the dadra and nagar haveli and daman and diu,2018-11-01,5.0936708
2081,the dadra and nagar haveli and daman and diu,2018-12-01,3.4078163
2082,the dadra and nagar haveli and daman and diu,2019-01-01,-12.0308567
2083,the dadra and nagar haveli and daman and diu,2019-02-01,0.036757829
2084,the dadra and nagar haveli and daman and diu,2019-03-01,1.6985701
2085,the dadra and nagar haveli and daman and diu,2019-04-01,10.8471958
2086,the dadra and nagar haveli and daman and diu,2019-05-01,-2.9275973
2087,the dadra and nagar haveli and daman and diu,2019-06-01,-13.7085859
2088,the dadra and nagar haveli and daman and diu,2019-07-01,16.4524306
2089,the dadra and nagar haveli and daman and diu,2019-08-01,15.856379394
2090,the dadra and nagar haveli and daman and diu,2019-09-01,32.2254571
2091,the dadra and nagar haveli and daman and diu,2019-10-01,9.1232496
2092,the dadra and nagar haveli and daman and diu,2019-11-01,16.7582805
2093,the dadra and nagar haveli and daman and diu,2019-12-01,7.0
2094,the dadra and nagar haveli and daman and diu,2020-01-01,10.0
2095,the dadra and nagar haveli and daman and diu,2020-02-01,15.2
2096,the dadra and nagar haveli and daman and diu,2020-03-01,10.3603927
2097,the dadra and nagar haveli and daman and diu,2020-04-01,12.55
2098,the dadra and nagar haveli and daman and diu,2020-05-01,10.78
2099,the dadra and nagar haveli and daman and diu,2020-06-01,4.1
2100,the dadra and nagar haveli and daman and diu,2020-07-01,5.460934819
2101,the dadra and nagar haveli and daman and diu,2020-08-01,3.123772103
2102,the dadra and nagar haveli and daman and diu,2020-09-01,34.685345391
2103,the dadra and nagar haveli and daman and diu,2020-10-01,11.727105711
2104,the dadra and nagar haveli and daman and diu,2020-11-01,3.23373863
2105,the dadra and nagar haveli and daman and diu,2020-12-01,7.183834985
2106,the dadra and nagar haveli and daman and diu,2021-01-01,19.393367136
2107,the dadra and nagar haveli and daman and diu,2021-02-01,37.893504102
2108,the dadra and nagar haveli and daman and diu,2021-03-01,-1.710396994
2109,the dadra and nagar haveli and daman and diu,2021-04-01,37.27073985
2110,the dadra and nagar haveli and daman and diu,2021-05-01,-2.401376674
2111,the dadra and nagar haveli and daman and diu,2021-06-01,17.061716085
2112,the dadra and nagar haveli and daman and diu,2021-07-01,41.260046557
2113,the dadra and nagar haveli and daman and diu,2021-08-01,59.206729333
2114,the dadra and nagar haveli and daman and diu,2021-09-01,78.120995852
2115,the dadra and nagar haveli and daman and diu,2021-10-01,23.630076478
2116,the dadra and nagar haveli and daman and diu,2021-11-01,24.903770387
2117,the dadra and nagar haveli and daman and diu,2021-12-01,22.782049366
2118,the dadra and nagar haveli and daman and diu,2022-01-01,13.69600839
2119,the dadra and nagar haveli and daman and diu,2022-02-01,36.365184627
2120,the dadra and nagar haveli and daman and diu,2022-03-01,79.902823054
2121,the dadra and nagar haveli and daman and diu,2022-04-01,55.222938202
2122,the dadra and nagar haveli and daman and diu,2022-05-01,45.330815986
2123,the dadra and nagar haveli and daman and diu,2022-06-01,-19.675713105
